<?xml version="1.0" encoding="UTF-8"?>
<beans xmlns="http://www.springframework.org/schema/beans"  
       xmlns:mvc="http://www.springframework.org/schema/mvc" 
       xmlns:aop="http://www.springframework.org/schema/aop" 
       xmlns:context="http://www.springframework.org/schema/context"  
       xmlns:xsi="http://www.w3.org/2001/XMLSchema-instance"  
       xsi:schemaLocation="http://www.springframework.org/schema/beans  
            http://www.springframework.org/schema/beans/spring-beans-3.2.xsd
            http://www.springframework.org/schema/aop
        	http://www.springframework.org/schema/aop/spring-aop-3.2.xsd  
            http://www.springframework.org/schema/context  
            http://www.springframework.org/schema/context/spring-context-3.2.xsd  
            http://www.springframework.org/schema/mvc  
            http://www.springframework.org/schema/mvc/spring-mvc-3.2.xsd">  
  
  <!-- SpringMVC的配置文件，包含网站跳转逻辑，控制 -->
  
  <context:component-scan base-package="com.ttorder.crud" use-default-filters="false">
  	<!-- 只扫描控制器 -->
  	<context:include-filter type="annotation" expression="org.springframework.stereotype.Controller"/>
  </context:component-scan>
  <!-- 配置视图解析器，方便页面返回  -->
  <!-- 两个标准按配置 -->
  <!-- 将springMVC不能处理的请求交给TomCat -->
  <mvc:default-servlet-handler/>
  <!-- 能支持springMVC更高级的一些功能，JSR303校验，快捷的ajax等等、映射动态请求 -->
  <mvc:annotation-driven />
  <bean class="org.springframework.web.servlet.view.InternalResourceViewResolver">
  	<property name="prefix" value="/WEB-INF/views/"></property>
  	<property name="suffix" value=".jsp"></property>
  </bean>
  
  <!--springmvc.xml中放行静态资源 -->
	<mvc:resources location="/upload/" mapping="/upload/**"/>
  <!-- 文件上传 -->
<bean id="multipartResolver"
		class="org.springframework.web.multipart.commons.CommonsMultipartResolver">
		<property name="defaultEncoding">
			<value>UTF-8</value>
		</property>
		<property name="maxUploadSize">
			<value>32505856</value><!-- 上传文件大小限制为31M，31*1024*1024 -->
		</property>
		<property name="maxInMemorySize">
			<value>4096</value>
		</property>
	</bean>
	
  <!-- 强制使用cglib代理，如果不设置，将默认使用jdk的代理，但是jdk的代理是基于接口的 -->
<aop:config proxy-target-class="true" />
<aop:config>
    <!--定义切面-->
    <aop:aspect id="logAspect" ref="logInterceptor">
        <!--定义切入点-->
        <aop:pointcut expression="execution(* com.ttorder.crud.controller.*.*(..))"  id="logPointCut"/>
        <!--方法执行之前被调用执行的-->
        <!--<aop:before method="before" pointcut-ref="logPointCut"/>&lt;!&ndash;一个切入点的引用&ndash;&gt;-->
        <!--<aop:after method="after" pointcut-ref="logPointCut"/>&lt;!&ndash;一个切入点的引用&ndash;&gt;-->
        <!--<aop:after-throwing method="afterThrowing" pointcut-ref="logPointCut" />-->
        <!--<aop:after-returning method="afterReturn" pointcut-ref="logPointCut" />-->
        <aop:around method="around" pointcut-ref="logPointCut"/>
    </aop:aspect>
</aop:config>
 
</beans>  