<?xml version="1.0" encoding="UTF-8"?>
<beans xmlns="http://www.springframework.org/schema/beans"
    xmlns:xsi="http://www.w3.org/2001/XMLSchema-instance" 
    xmlns:context="http://www.springframework.org/schema/context"
    xmlns:aop="http://www.springframework.org/schema/aop"
    xmlns:tx="http://www.springframework.org/schema/tx"
    xmlns:mvc="http://www.springframework.org/schema/mvc"
    
    xsi:schemaLocation="http://www.springframework.org/schema/beans
      http://www.springframework.org/schema/beans/spring-beans-3.2.xsd
      http://www.springframework.org/schema/context
      http://www.springframework.org/schema/context/spring-context-3.2.xsd
      http://www.springframework.org/schema/aop
      http://www.springframework.org/schema/aop/spring-aop-3.2.xsd
      http://www.springframework.org/schema/tx
      http://www.springframework.org/schema/tx/spring-tx-3.2.xsd
      http://www.springframework.org/schema/mvc
      http://www.springframework.org/schema/mvc/spring-mvc-3.2.xsd
      ">
      
      <context:component-scan base-package="com.ttorder.crud.*">
      	<context:exclude-filter type="annotation" expression="org.springframework.stereotype.Controller"/>
      	
      </context:component-scan>
 	<!-- 数据源、事务控制 -->
 	<context:property-placeholder location="classpath:dbconfig.properties"/>
 	
 	<bean  id="pooledDataSource" class="com.mchange.v2.c3p0.ComboPooledDataSource">
 		<property name="jdbcUrl" value="${jdbc.jdbcUrl}"></property>
 		<property name="driverClass" value="${jdbc.driverClass}"></property>
 		<property name="user" value="${jdbc.user}"></property>
 		<property name="password" value="${jdbc.password}"></property>
 		<property name="initialPoolSize" value="${jdbc.initialPoolSize}" />
        <property name="maxIdleTime" value="${jdbc.maxIdleTime}" />
        <property name="maxPoolSize" value="${jdbc.maxPoolSize}" />
        <property name="minPoolSize" value="${jdbc.minPoolSize}" />
 	</bean>
 	
 	<!-- 配置和MyBatis的整合 -->
 	<bean id="sqlSessionFactory" class="org.mybatis.spring.SqlSessionFactoryBean">
 		<!-- 制定MyBatis全局文件的位置 -->
 		<property name="configLocation" value="classpath:mybatis-config.xml"></property>
 		<property name="dataSource" ref="pooledDataSource"></property>
 		<!-- 制定mybatis，mapper文件的位置 -->
 		<property name="mapperLocations" value="classpath:mapper/*.xml"></property>
 	</bean>
 <!-- 配置扫描器，将MyBatis接口的实现加入Ioc容器中 -->
<bean class="org.mybatis.spring.mapper.MapperScannerConfigurer">
<!-- 扫描所有DAO接口的实现，加入到IOC容器中 -->
	<property name="basePackage" value="com.ttorder.crud.dao"></property>

</bean>
<bean class="org.springframework.web.servlet.mvc.method.annotation.RequestMappingHandlerMapping" />
    <bean class="org.springframework.web.servlet.mvc.method.annotation.RequestMappingHandlerAdapter">
        <property name="messageConverters">
            <list>
                <bean class="org.springframework.http.converter.StringHttpMessageConverter">
                    <property name="supportedMediaTypes">
                        <list>
                            <value>text/html; charset=UTF-8</value>
                            <value>application/json;charset=UTF-8</value>
                        </list>
                    </property>
                </bean>
                <bean class="org.springframework.http.converter.json.MappingJackson2HttpMessageConverter">
                    <property name="supportedMediaTypes">
                        <list>
                            <value>text/html; charset=UTF-8</value>
                            <value>application/json;charset=UTF-8</value>
                        </list>
                    </property>
                </bean>
            </list>
        </property>
    </bean>
 <!-- 事务控制的配置 -->
 <bean id="transactionManager" class="org.springframework.jdbc.datasource.DataSourceTransactionManager">
 	<!-- 控制数据源 -->
 	<property name="dataSource" ref="pooledDataSource"></property>
 </bean>
 <!-- 开启基于注解的事务，使用xml配置形式的事务 -->
 	<aop:config>
 	<!-- 定义切入点 -->
 		<aop:pointcut expression="execution(* com.ttorder.crud.service..*(..))" id="txPoint"/>
 		<!-- 配置事务增强 -->
 		<aop:advisor advice-ref="txAdvice" pointcut-ref="txPoint"/>
 	</aop:config>
 	<tx:advice id="txAdvice" transaction-manager="transactionManager">
 		<tx:attributes>
 			<!-- 所有方法都是事务方法 -->
 			<tx:method name="*"/>
 			<tx:method name="get*" read-only="true"/>
 		</tx:attributes>
 	</tx:advice>
</beans>