<?xml version="1.0" encoding="UTF-8"?>
<!DOCTYPE configuration
  PUBLIC "-//mybatis.org//DTD Config 3.0//EN"
  "http://mybatis.org/dtd/mybatis-3-config.dtd">
  <configuration>
  	<settings>
  		<setting name="mapUnderscoreToCamelCase" value="true"/>
  	</settings>
  	<typeAliases>
  		<package name="com.ttorder.crud.bean"/>
  	</typeAliases>
<!-- 分页插件 -->
  	<plugins>
  		<plugin interceptor="com.github.pagehelper.PageInterceptor"></plugin>
  	</plugins>
  </configuration>