<?xml version="1.0" encoding="UTF-8"?>
<!DOCTYPE mapper PUBLIC "-//mybatis.org//DTD Mapper 3.0//EN" "http://mybatis.org/dtd/mybatis-3-mapper.dtd">
<mapper namespace="com.ttorder.crud.dao.CellInformationMapper">
  <resultMap id="BaseResultMap" type="com.ttorder.crud.bean.CellInformation">
    <id column="cell_id" jdbcType="INTEGER" property="cellId" />
    <result column="cell_name" jdbcType="VARCHAR" property="cellName" />
    <result column="province" jdbcType="VARCHAR" property="province" />
    <result column="city" jdbcType="VARCHAR" property="city" />
    <result column="cell_address" jdbcType="VARCHAR" property="cellAddress" />
    <result column="property_id" jdbcType="VARCHAR" property="propertyId" />
    <result column="property_contacts_id" jdbcType="VARCHAR" property="propertyContactsId" />
    <result column="installation_status" jdbcType="VARCHAR" property="installationStatus" />
    <result column="developers_id" jdbcType="VARCHAR" property="developersId" />
    <result column="developers_contacts_id" jdbcType="VARCHAR" property="developersContactsId" />
    <result column="power_supply" jdbcType="VARCHAR" property="powerSupply" />
  </resultMap>
  <sql id="Base_Column_List">
    cell_id, cell_name, province, city, cell_address, property_id, property_contacts_id, 
    installation_status, developers_id, developers_contacts_id, power_supply
  </sql>
  <!-- 根据类型模糊搜索小区信息 -->
  <select id="selectCellByClass" resultMap="BaseResultMap">
  	  select <include refid="Base_Column_List"/> from cell
  	  <where>
  	   <if test="str =='cellName'">
                cell_name like "%"#{value,jdbcType=VARCHAR}"%"
       </if>
       <if test="str =='province'">
               and province like "%"#{value,jdbcType=VARCHAR}"%"
       </if>
       <if test="str =='city'">
                and  city like "%"#{value,jdbcType=VARCHAR}"%"
       </if>
       <if test="str =='cellAddress'">
                and  cell_address like "%"#{value,jdbcType=VARCHAR}"%"
       </if>
       <if test="str =='installationStatus'">
                and  installation_status like "%"#{value,jdbcType=VARCHAR}"%"
       </if>
       <if test="str =='powerSupply'">
                and  power_supply like "%"#{value,jdbcType=VARCHAR}"%"
       </if>
       and 1=1
  	  </where>
  </select>

 <!-- 查询所有小区新息 -->
   <select id="selectAllCell" resultMap="BaseResultMap">
    select 
    <include refid="Base_Column_List" />
    from cell
  </select>
  <!-- 根据id查询小区名字 -->
   <select id="getCellName" parameterType="java.lang.Integer" resultType="java.lang.String">
    select 
    cell_name
    from cell
    where cell_id = #{cellId,jdbcType=INTEGER}
  </select>
  <select id="selectByPrimaryKey" parameterType="java.lang.Integer" resultMap="BaseResultMap">
    select 
    <include refid="Base_Column_List" />
    from cell
    where cell_id = #{cellId,jdbcType=INTEGER}
  </select>
  <delete id="deleteByPrimaryKey" parameterType="java.lang.Integer">
    delete from cell
    where cell_id = #{cellId,jdbcType=INTEGER}
  </delete>
  <insert id="insert" parameterType="com.ttorder.crud.bean.CellInformation">
    insert into cell (cell_id, cell_name, province, 
      city, cell_address, property_id, 
      property_contacts_id, installation_status, 
      developers_id, developers_contacts_id, power_supply
      )
    values (#{cellId,jdbcType=INTEGER}, #{cellName,jdbcType=VARCHAR}, #{province,jdbcType=VARCHAR}, 
      #{city,jdbcType=VARCHAR}, #{cellAddress,jdbcType=VARCHAR}, #{propertyId,jdbcType=VARCHAR}, 
      #{propertyContactsId,jdbcType=VARCHAR}, #{installationStatus,jdbcType=VARCHAR}, 
      #{developersId,jdbcType=VARCHAR}, #{developersContactsId,jdbcType=VARCHAR}, #{powerSupply,jdbcType=VARCHAR}
      )
  </insert>
  <insert id="insertSelective" parameterType="com.ttorder.crud.bean.CellInformation">
    insert into cell
    <trim prefix="(" suffix=")" suffixOverrides=",">
      <if test="cellId != null">
        cell_id,
      </if>
      <if test="cellName != null">
        cell_name,
      </if>
      <if test="province != null">
        province,
      </if>
      <if test="city != null">
        city,
      </if>
      <if test="cellAddress != null">
        cell_address,
      </if>
      <if test="propertyId != null">
        property_id,
      </if>
      <if test="propertyContactsId != null">
        property_contacts_id,
      </if>
      <if test="installationStatus != null">
        installation_status,
      </if>
      <if test="developersId != null">
        developers_id,
      </if>
      <if test="developersContactsId != null">
        developers_contacts_id,
      </if>
      <if test="powerSupply != null">
        power_supply,
      </if>
    </trim>
    <trim prefix="values (" suffix=")" suffixOverrides=",">
      <if test="cellId != null">
        #{cellId,jdbcType=INTEGER},
      </if>
      <if test="cellName != null">
        #{cellName,jdbcType=VARCHAR},
      </if>
      <if test="province != null">
        #{province,jdbcType=VARCHAR},
      </if>
      <if test="city != null">
        #{city,jdbcType=VARCHAR},
      </if>
      <if test="cellAddress != null">
        #{cellAddress,jdbcType=VARCHAR},
      </if>
      <if test="propertyId != null">
        #{propertyId,jdbcType=VARCHAR},
      </if>
      <if test="propertyContactsId != null">
        #{propertyContactsId,jdbcType=VARCHAR},
      </if>
      <if test="installationStatus != null">
        #{installationStatus,jdbcType=VARCHAR},
      </if>
      <if test="developersId != null">
        #{developersId,jdbcType=VARCHAR},
      </if>
      <if test="developersContactsId != null">
        #{developersContactsId,jdbcType=VARCHAR},
      </if>
      <if test="powerSupply != null">
        #{powerSupply,jdbcType=VARCHAR},
      </if>
    </trim>
  </insert>
  <update id="updateByPrimaryKeySelective" parameterType="com.ttorder.crud.bean.CellInformation">
    update cell
    <set>
      <if test="cellName != null">
        cell_name = #{cellName,jdbcType=VARCHAR},
      </if>
      <if test="province != null">
        province = #{province,jdbcType=VARCHAR},
      </if>
      <if test="city != null">
        city = #{city,jdbcType=VARCHAR},
      </if>
      <if test="cellAddress != null">
        cell_address = #{cellAddress,jdbcType=VARCHAR},
      </if>
      <if test="propertyId != null">
        property_id = #{propertyId,jdbcType=VARCHAR},
      </if>
      <if test="propertyContactsId != null">
        property_contacts_id = #{propertyContactsId,jdbcType=VARCHAR},
      </if>
      <if test="installationStatus != null">
        installation_status = #{installationStatus,jdbcType=VARCHAR},
      </if>
      <if test="developersId != null">
        developers_id = #{developersId,jdbcType=VARCHAR},
      </if>
      <if test="developersContactsId != null">
        developers_contacts_id = #{developersContactsId,jdbcType=VARCHAR},
      </if>
      <if test="powerSupply != null">
        power_supply = #{powerSupply,jdbcType=VARCHAR},
      </if>
    </set>
    where cell_id = #{cellId,jdbcType=INTEGER}
  </update>
  <update id="updateByPrimaryKey" parameterType="com.ttorder.crud.bean.CellInformation">
    update cell
    set cell_name = #{cellName,jdbcType=VARCHAR},
      province = #{province,jdbcType=VARCHAR},
      city = #{city,jdbcType=VARCHAR},
      cell_address = #{cellAddress,jdbcType=VARCHAR},
      property_id = #{propertyId,jdbcType=VARCHAR},
      property_contacts_id = #{propertyContactsId,jdbcType=VARCHAR},
      installation_status = #{installationStatus,jdbcType=VARCHAR},
      developers_id = #{developersId,jdbcType=VARCHAR},
      developers_contacts_id = #{developersContactsId,jdbcType=VARCHAR},
      power_supply = #{powerSupply,jdbcType=VARCHAR}
    where cell_id = #{cellId,jdbcType=INTEGER}
  </update>
</mapper>