<?xml version="1.0" encoding="UTF-8"?>
<!DOCTYPE mapper PUBLIC "-//mybatis.org//DTD Mapper 3.0//EN" "http://mybatis.org/dtd/mybatis-3-mapper.dtd">
<mapper namespace="com.ttorder.crud.dao.ConstructionInformationMapper">
  <resultMap id="BaseResultMap" type="com.ttorder.crud.bean.ConstructionInformation">
    <id column="construction_id" jdbcType="VARCHAR" property="constructionId" />
    <result column="order_no" jdbcType="VARCHAR" property="orderNo" />
    <result column="construction_type" jdbcType="VARCHAR" property="constructionType" />
    <result column="operator" jdbcType="VARCHAR" property="operator" />
    <result column="property_id" jdbcType="VARCHAR" property="propertyId" />
    <result column="property_contact_id" jdbcType="VARCHAR" property="propertyContactId" />
    <result column="developer_id" jdbcType="VARCHAR" property="developerId" />
    <result column="cell_id" jdbcType="VARCHAR" property="cellId" />
    <result column="completion_date" jdbcType="TIMESTAMP" property="completionDate" />
    <result column="electricity_fetching_mode" jdbcType="VARCHAR" property="electricityFetchingMode" />
    <result column="electricity_fetching_address" jdbcType="VARCHAR" property="electricityFetchingAddress" />
    <result column="parking_type" jdbcType="VARCHAR" property="parkingType" />
    <result column="parking_no" jdbcType="VARCHAR" property="parkingNo" />
    <result column="property_person" jdbcType="VARCHAR" property="propertyPerson" />
    <result column="owner_person" jdbcType="VARCHAR" property="ownerPerson" />
    <result column="selfmoney" jdbcType="VARCHAR" property="selfmoney" />
    <result column="remakes" jdbcType="VARCHAR" property="remakes" />
    <result column="contact_date" jdbcType="DATE" property="contactDate" />
    <result column="contact_date_next" jdbcType="DATE" property="contactDateNext" />
    <result column="architectural_type" jdbcType="VARCHAR" property="architecturalType" />
    <result column="electrical_power" jdbcType="VARCHAR" property="electricalPower" />
    <result column="cable_type" jdbcType="VARCHAR" property="cableType" />
    <result column="cable_len" jdbcType="VARCHAR" property="cableLen" />
    <result column="single_three" jdbcType="VARCHAR" property="singleThree" />
    <result column="installation_environment" jdbcType="VARCHAR" property="installationEnvironment" />
    <result column="developer_person" jdbcType="VARCHAR" property="developerPerson" />
    <result column="other_remarks" jdbcType="VARCHAR" property="otherRemarks" />
    <result column="orther_date" jdbcType="DATE" property="ortherDate" />
  </resultMap>
  <sql id="Base_Column_List">
    construction_id, order_no, construction_type, operator, property_id, property_contact_id, 
    developer_id, cell_id, completion_date, electricity_fetching_mode, electricity_fetching_address, 
    parking_type, parking_no, property_person, owner_person, selfmoney, remakes, contact_date, 
    contact_date_next, architectural_type, electrical_power, cable_type, cable_len, single_three, 
    installation_environment, developer_person, other_remarks, orther_date
  </sql>
  <select id="selectByPrimaryKey" parameterType="java.lang.String" resultMap="BaseResultMap">
    select 
    <include refid="Base_Column_List" />
    from construction
    where construction_id = #{constructionId,jdbcType=VARCHAR}
  </select>
  <!-- 根据订单号和施工类型查询相关订单信息 -->
  <select id="selectByOrderNO" resultMap="BaseResultMap">
    select 
    <include refid="Base_Column_List" />
    from construction
    where order_no = #{orderNo,jdbcType=VARCHAR}
    and construction_type = #{constructionType,jdbcType=VARCHAR}
  </select>
  <delete id="deleteByPrimaryKey" parameterType="java.lang.String">
    delete from construction
    where construction_id = #{constructionId,jdbcType=VARCHAR}
  </delete>
  <insert id="insert" parameterType="com.ttorder.crud.bean.ConstructionInformation">
    insert into construction (construction_id, order_no, construction_type, 
      operator, property_id, property_contact_id, 
      developer_id, cell_id, completion_date, 
      electricity_fetching_mode, electricity_fetching_address, 
      parking_type, parking_no, property_person, 
      owner_person, selfmoney, remakes, 
      contact_date, contact_date_next, architectural_type, 
      electrical_power, cable_type, cable_len, 
      single_three, installation_environment, developer_person, 
      other_remarks, orther_date)
    values (#{constructionId,jdbcType=VARCHAR}, #{orderNo,jdbcType=VARCHAR}, #{constructionType,jdbcType=VARCHAR}, 
      #{operator,jdbcType=VARCHAR}, #{propertyId,jdbcType=VARCHAR}, #{propertyContactId,jdbcType=VARCHAR}, 
      #{developerId,jdbcType=VARCHAR}, #{cellId,jdbcType=VARCHAR}, #{completionDate,jdbcType=TIMESTAMP}, 
      #{electricityFetchingMode,jdbcType=VARCHAR}, #{electricityFetchingAddress,jdbcType=VARCHAR}, 
      #{parkingType,jdbcType=VARCHAR}, #{parkingNo,jdbcType=VARCHAR}, #{propertyPerson,jdbcType=VARCHAR}, 
      #{ownerPerson,jdbcType=VARCHAR}, #{selfmoney,jdbcType=VARCHAR}, #{remakes,jdbcType=VARCHAR}, 
      #{contactDate,jdbcType=DATE}, #{contactDateNext,jdbcType=DATE}, #{architecturalType,jdbcType=VARCHAR}, 
      #{electricalPower,jdbcType=VARCHAR}, #{cableType,jdbcType=VARCHAR}, #{cableLen,jdbcType=VARCHAR}, 
      #{singleThree,jdbcType=VARCHAR}, #{installationEnvironment,jdbcType=VARCHAR}, #{developerPerson,jdbcType=VARCHAR}, 
      #{otherRemarks,jdbcType=VARCHAR}, #{ortherDate,jdbcType=DATE})
  </insert>
  <insert id="insertSelective" parameterType="com.ttorder.crud.bean.ConstructionInformation">
    insert into construction
    <trim prefix="(" suffix=")" suffixOverrides=",">
      <if test="constructionId != null">
        construction_id,
      </if>
      <if test="orderNo != null">
        order_no,
      </if>
      <if test="constructionType != null">
        construction_type,
      </if>
      <if test="operator != null">
        operator,
      </if>
      <if test="propertyId != null">
        property_id,
      </if>
      <if test="propertyContactId != null">
        property_contact_id,
      </if>
      <if test="developerId != null">
        developer_id,
      </if>
      <if test="cellId != null">
        cell_id,
      </if>
      <if test="completionDate != null">
        completion_date,
      </if>
      <if test="electricityFetchingMode != null">
        electricity_fetching_mode,
      </if>
      <if test="electricityFetchingAddress != null">
        electricity_fetching_address,
      </if>
      <if test="parkingType != null">
        parking_type,
      </if>
      <if test="parkingNo != null">
        parking_no,
      </if>
      <if test="propertyPerson != null">
        property_person,
      </if>
      <if test="ownerPerson != null">
        owner_person,
      </if>
      <if test="selfmoney != null">
        selfmoney,
      </if>
      <if test="remakes != null">
        remakes,
      </if>
      <if test="contactDate != null">
        contact_date,
      </if>
      <if test="contactDateNext != null">
        contact_date_next,
      </if>
      <if test="architecturalType != null">
        architectural_type,
      </if>
      <if test="electricalPower != null">
        electrical_power,
      </if>
      <if test="cableType != null">
        cable_type,
      </if>
      <if test="cableLen != null">
        cable_len,
      </if>
      <if test="singleThree != null">
        single_three,
      </if>
      <if test="installationEnvironment != null">
        installation_environment,
      </if>
      <if test="developerPerson != null">
        developer_person,
      </if>
      <if test="otherRemarks != null">
        other_remarks,
      </if>
      <if test="ortherDate != null">
        orther_date,
      </if>
    </trim>
    <trim prefix="values (" suffix=")" suffixOverrides=",">
      <if test="constructionId != null">
        #{constructionId,jdbcType=VARCHAR},
      </if>
      <if test="orderNo != null">
        #{orderNo,jdbcType=VARCHAR},
      </if>
      <if test="constructionType != null">
        #{constructionType,jdbcType=VARCHAR},
      </if>
      <if test="operator != null">
        #{operator,jdbcType=VARCHAR},
      </if>
      <if test="propertyId != null">
        #{propertyId,jdbcType=VARCHAR},
      </if>
      <if test="propertyContactId != null">
        #{propertyContactId,jdbcType=VARCHAR},
      </if>
      <if test="developerId != null">
        #{developerId,jdbcType=VARCHAR},
      </if>
      <if test="cellId != null">
        #{cellId,jdbcType=VARCHAR},
      </if>
      <if test="completionDate != null">
        #{completionDate,jdbcType=TIMESTAMP},
      </if>
      <if test="electricityFetchingMode != null">
        #{electricityFetchingMode,jdbcType=VARCHAR},
      </if>
      <if test="electricityFetchingAddress != null">
        #{electricityFetchingAddress,jdbcType=VARCHAR},
      </if>
      <if test="parkingType != null">
        #{parkingType,jdbcType=VARCHAR},
      </if>
      <if test="parkingNo != null">
        #{parkingNo,jdbcType=VARCHAR},
      </if>
      <if test="propertyPerson != null">
        #{propertyPerson,jdbcType=VARCHAR},
      </if>
      <if test="ownerPerson != null">
        #{ownerPerson,jdbcType=VARCHAR},
      </if>
      <if test="selfmoney != null">
        #{selfmoney,jdbcType=VARCHAR},
      </if>
      <if test="remakes != null">
        #{remakes,jdbcType=VARCHAR},
      </if>
      <if test="contactDate != null">
        #{contactDate,jdbcType=DATE},
      </if>
      <if test="contactDateNext != null">
        #{contactDateNext,jdbcType=DATE},
      </if>
      <if test="architecturalType != null">
        #{architecturalType,jdbcType=VARCHAR},
      </if>
      <if test="electricalPower != null">
        #{electricalPower,jdbcType=VARCHAR},
      </if>
      <if test="cableType != null">
        #{cableType,jdbcType=VARCHAR},
      </if>
      <if test="cableLen != null">
        #{cableLen,jdbcType=VARCHAR},
      </if>
      <if test="singleThree != null">
        #{singleThree,jdbcType=VARCHAR},
      </if>
      <if test="installationEnvironment != null">
        #{installationEnvironment,jdbcType=VARCHAR},
      </if>
      <if test="developerPerson != null">
        #{developerPerson,jdbcType=VARCHAR},
      </if>
      <if test="otherRemarks != null">
        #{otherRemarks,jdbcType=VARCHAR},
      </if>
      <if test="ortherDate != null">
        #{ortherDate,jdbcType=DATE},
      </if>
    </trim>
  </insert>
  <update id="updateByPrimaryKeySelective" parameterType="com.ttorder.crud.bean.ConstructionInformation">
    update construction
    <set>
      <if test="orderNo != null">
        order_no = #{orderNo,jdbcType=VARCHAR},
      </if>
      <if test="constructionType != null">
        construction_type = #{constructionType,jdbcType=VARCHAR},
      </if>
      <if test="operator != null">
        operator = #{operator,jdbcType=VARCHAR},
      </if>
      <if test="propertyId != null">
        property_id = #{propertyId,jdbcType=VARCHAR},
      </if>
      <if test="propertyContactId != null">
        property_contact_id = #{propertyContactId,jdbcType=VARCHAR},
      </if>
      <if test="developerId != null">
        developer_id = #{developerId,jdbcType=VARCHAR},
      </if>
      <if test="cellId != null">
        cell_id = #{cellId,jdbcType=VARCHAR},
      </if>
      <if test="completionDate != null">
        completion_date = #{completionDate,jdbcType=TIMESTAMP},
      </if>
      <if test="electricityFetchingMode != null">
        electricity_fetching_mode = #{electricityFetchingMode,jdbcType=VARCHAR},
      </if>
      <if test="electricityFetchingAddress != null">
        electricity_fetching_address = #{electricityFetchingAddress,jdbcType=VARCHAR},
      </if>
      <if test="parkingType != null">
        parking_type = #{parkingType,jdbcType=VARCHAR},
      </if>
      <if test="parkingNo != null">
        parking_no = #{parkingNo,jdbcType=VARCHAR},
      </if>
      <if test="propertyPerson != null">
        property_person = #{propertyPerson,jdbcType=VARCHAR},
      </if>
      <if test="ownerPerson != null">
        owner_person = #{ownerPerson,jdbcType=VARCHAR},
      </if>
      <if test="selfmoney != null">
        selfmoney = #{selfmoney,jdbcType=VARCHAR},
      </if>
      <if test="remakes != null">
        remakes = #{remakes,jdbcType=VARCHAR},
      </if>
      <if test="contactDate != null">
        contact_date = #{contactDate,jdbcType=DATE},
      </if>
      <if test="contactDateNext != null">
        contact_date_next = #{contactDateNext,jdbcType=DATE},
      </if>
      <if test="architecturalType != null">
        architectural_type = #{architecturalType,jdbcType=VARCHAR},
      </if>
      <if test="electricalPower != null">
        electrical_power = #{electricalPower,jdbcType=VARCHAR},
      </if>
      <if test="cableType != null">
        cable_type = #{cableType,jdbcType=VARCHAR},
      </if>
      <if test="cableLen != null">
        cable_len = #{cableLen,jdbcType=VARCHAR},
      </if>
      <if test="singleThree != null">
        single_three = #{singleThree,jdbcType=VARCHAR},
      </if>
      <if test="installationEnvironment != null">
        installation_environment = #{installationEnvironment,jdbcType=VARCHAR},
      </if>
      <if test="developerPerson != null">
        developer_person = #{developerPerson,jdbcType=VARCHAR},
      </if>
      <if test="otherRemarks != null">
        other_remarks = #{otherRemarks,jdbcType=VARCHAR},
      </if>
      <if test="ortherDate != null">
        orther_date = #{ortherDate,jdbcType=DATE},
      </if>
    </set>
    where construction_id = #{constructionId,jdbcType=VARCHAR}
  </update>
  <update id="updateByPrimaryKey" parameterType="com.ttorder.crud.bean.ConstructionInformation">
    update construction
    set order_no = #{orderNo,jdbcType=VARCHAR},
      construction_type = #{constructionType,jdbcType=VARCHAR},
      operator = #{operator,jdbcType=VARCHAR},
      property_id = #{propertyId,jdbcType=VARCHAR},
      property_contact_id = #{propertyContactId,jdbcType=VARCHAR},
      developer_id = #{developerId,jdbcType=VARCHAR},
      cell_id = #{cellId,jdbcType=VARCHAR},
      completion_date = #{completionDate,jdbcType=TIMESTAMP},
      electricity_fetching_mode = #{electricityFetchingMode,jdbcType=VARCHAR},
      electricity_fetching_address = #{electricityFetchingAddress,jdbcType=VARCHAR},
      parking_type = #{parkingType,jdbcType=VARCHAR},
      parking_no = #{parkingNo,jdbcType=VARCHAR},
      property_person = #{propertyPerson,jdbcType=VARCHAR},
      owner_person = #{ownerPerson,jdbcType=VARCHAR},
      selfmoney = #{selfmoney,jdbcType=VARCHAR},
      remakes = #{remakes,jdbcType=VARCHAR},
      contact_date = #{contactDate,jdbcType=DATE},
      contact_date_next = #{contactDateNext,jdbcType=DATE},
      architectural_type = #{architecturalType,jdbcType=VARCHAR},
      electrical_power = #{electricalPower,jdbcType=VARCHAR},
      cable_type = #{cableType,jdbcType=VARCHAR},
      cable_len = #{cableLen,jdbcType=VARCHAR},
      single_three = #{singleThree,jdbcType=VARCHAR},
      installation_environment = #{installationEnvironment,jdbcType=VARCHAR},
      developer_person = #{developerPerson,jdbcType=VARCHAR},
      other_remarks = #{otherRemarks,jdbcType=VARCHAR},
      orther_date = #{ortherDate,jdbcType=DATE}
    where construction_id = #{constructionId,jdbcType=VARCHAR}
  </update>
</mapper>