<?xml version="1.0" encoding="UTF-8"?>
<!DOCTYPE mapper PUBLIC "-//mybatis.org//DTD Mapper 3.0//EN" "http://mybatis.org/dtd/mybatis-3-mapper.dtd">
<mapper namespace="com.ttorder.crud.dao.EmployeeInformationMapper">
  <resultMap id="BaseResultMap" type="com.ttorder.crud.bean.EmployeeInformation">
    <id column="employee_id" jdbcType="INTEGER" property="employeeId" />
    <result column="employee_class" jdbcType="VARCHAR" property="employeeClass" />
    <result column="employee_name" jdbcType="VARCHAR" property="employeeName" />
    <result column="supplier_name" jdbcType="VARCHAR" property="supplierName" />
    <result column="department" jdbcType="VARCHAR" property="department" />
    <result column="employee_position" jdbcType="VARCHAR" property="employeePosition" />
    <result column="province" jdbcType="VARCHAR" property="province" />
    <result column="city" jdbcType="VARCHAR" property="city" />
    <result column="employee_post" jdbcType="VARCHAR" property="employeePost" />
    <result column="ranks" jdbcType="VARCHAR" property="ranks" />
    <result column="weight" jdbcType="DOUBLE" property="weight" />
    <result column="jurisdiction" jdbcType="VARCHAR" property="jurisdiction" />
    <result column="gender" jdbcType="VARCHAR" property="gender" />
    <result column="employee_birthday" jdbcType="VARCHAR" property="employeeBirthday" />
    <result column="employee_nation" jdbcType="VARCHAR" property="employeeNation" />
    <result column="employee_place" jdbcType="VARCHAR" property="employeePlace" />
    <result column="marriage_childbearing" jdbcType="VARCHAR" property="marriageChildbearing" />
    <result column="height" jdbcType="DOUBLE" property="height" />
    <result column="body_weight" jdbcType="DOUBLE" property="bodyWeight" />
    <result column="health" jdbcType="VARCHAR" property="health" />
    <result column="education" jdbcType="VARCHAR" property="education" />
    <result column="major" jdbcType="VARCHAR" property="major" />
    <result column="graduation_school" jdbcType="VARCHAR" property="graduationSchool" />
    <result column="academic_degree" jdbcType="VARCHAR" property="academicDegree" />
    <result column="graduation_time" jdbcType="VARCHAR" property="graduationTime" />
    <result column="expertise" jdbcType="VARCHAR" property="expertise" />
    <result column="register" jdbcType="VARCHAR" property="register" />
    <result column="ID_number" jdbcType="INTEGER" property="idNumber" />
    <result column="present_address" jdbcType="VARCHAR" property="presentAddress" />
    <result column="telephone" jdbcType="VARCHAR" property="telephone" />
    <result column="sos_person_name" jdbcType="VARCHAR" property="sosPersonName" />
    <result column="relationship" jdbcType="VARCHAR" property="relationship" />
    <result column="sos_no" jdbcType="VARCHAR" property="sosNo" />
    <result column="password" jdbcType="VARCHAR" property="password" />
    <result column="to_user" jdbcType="VARCHAR" property="toUser" />
  </resultMap>
  <sql id="Base_Column_List">
    employee_id, employee_class, employee_name, supplier_name, department, employee_position, 
    province, city, employee_post, ranks, weight, jurisdiction, gender, employee_birthday, 
    employee_nation, employee_place, marriage_childbearing, height, body_weight, health, 
    education, major, graduation_school, academic_degree, graduation_time, expertise, 
    register, ID_number, present_address, telephone, sos_person_name, relationship, sos_no, 
    password,to_user
  </sql>
  <select id="selectByPrimaryKey" parameterType="java.lang.Integer" resultMap="BaseResultMap">
    select 
    <include refid="Base_Column_List" />
    from employee
    where employee_id = #{employeeId,jdbcType=INTEGER}
  </select>

<!-- 根据类型模糊搜索人员列表，前端要求 -->
<select id="searchEmpByType" resultMap="BaseResultMap">
  	  select <include refid="Base_Column_List"/> from employee
  	  <where>
  	   <if test="str =='employeeClass'">
                employee_class like "%"#{value,jdbcType=VARCHAR}"%"
       </if>
       <if test="str =='supplierName'">
               and supplier_name like "%"#{value,jdbcType=VARCHAR}"%"
       </if>
       <if test="str =='department'">
                and  department like "%"#{value,jdbcType=VARCHAR}"%"
       </if>
       <if test="str =='province'">
                and  province like "%"#{value,jdbcType=VARCHAR}"%"
       </if>
       <if test="str =='city'">
                and  city like "%"#{value,jdbcType=VARCHAR}"%"
       </if>
       <if test="str =='employeeName'">
                and  employee_name like "%"#{value,jdbcType=VARCHAR}"%"
       </if>
       and 1=1
  	  </where>
</select>

  <!-- 查询电话号码对应的秘密 -->
  <select id="selectBytel" parameterType="java.lang.String" resultMap="BaseResultMap">
    select 
    password
    from employee
    where telephone = #{telephone,jdbcType=VARCHAR}
  </select>
  <!-- 根据ID查询名字 -->
   <select id="selectNameByempId" parameterType="java.lang.Integer" resultType="java.lang.String">
    select 
    employee_name
    from employee
    where employee_id = #{empId,jdbcType=INTEGER}
  </select>
  <!-- 根据用户手机号码查询用户所有信息 -->
  <select id="selectByTelephone" parameterType="java.lang.String" resultMap="BaseResultMap">
    select 
     <include refid="Base_Column_List" />
    from employee
    where telephone = #{telephone,jdbcType=VARCHAR}
  </select>
  
  <!-- 查询所有员工 -->
   <select id="selectAllEmp" resultMap="BaseResultMap">
    select 
    *
    from employee
  </select>
<!-- 根据人员分类查询人员 -->
    <select id="searchEmpByemployeeClass" parameterType="java.lang.String" resultMap="BaseResultMap">
    select 
    <include refid="Base_Column_List" />
    from employee 
    where employee_class = #{employeeClass,jdbcType=VARCHAR}
  </select>
  <delete id="deleteByPrimaryKey" parameterType="java.lang.Integer">
    delete from employee
    where employee_id = #{employeeId,jdbcType=INTEGER}
  </delete>
  <insert id="insert" parameterType="com.ttorder.crud.bean.EmployeeInformation">
    insert into employee (employee_id, employee_class, employee_name, 
      supplier_name, department, employee_position, 
      province, city, employee_post, 
      ranks, weight, jurisdiction, 
      gender, employee_birthday, employee_nation, 
      employee_place, marriage_childbearing, height, 
      body_weight, health, education, 
      major, graduation_school, academic_degree, 
      graduation_time, expertise, register, 
      ID_number, present_address, telephone, 
      sos_person_name, relationship, sos_no, 
      password,to_user)
    values (#{employeeId,jdbcType=INTEGER}, #{employeeClass,jdbcType=VARCHAR}, #{employeeName,jdbcType=VARCHAR}, 
      #{supplierName,jdbcType=VARCHAR}, #{department,jdbcType=VARCHAR}, #{employeePosition,jdbcType=VARCHAR}, 
      #{province,jdbcType=VARCHAR}, #{city,jdbcType=VARCHAR}, #{employeePost,jdbcType=VARCHAR}, 
      #{ranks,jdbcType=VARCHAR}, #{weight,jdbcType=DOUBLE}, #{jurisdiction,jdbcType=VARCHAR}, 
      #{gender,jdbcType=VARCHAR}, #{employeeBirthday,jdbcType=VARCHAR}, #{employeeNation,jdbcType=VARCHAR}, 
      #{employeePlace,jdbcType=VARCHAR}, #{marriageChildbearing,jdbcType=VARCHAR}, #{height,jdbcType=DOUBLE}, 
      #{bodyWeight,jdbcType=DOUBLE}, #{health,jdbcType=VARCHAR}, #{education,jdbcType=VARCHAR}, 
      #{major,jdbcType=VARCHAR}, #{graduationSchool,jdbcType=VARCHAR}, #{academicDegree,jdbcType=VARCHAR}, 
      #{graduationTime,jdbcType=VARCHAR}, #{expertise,jdbcType=VARCHAR}, #{register,jdbcType=VARCHAR}, 
      #{idNumber,jdbcType=INTEGER}, #{presentAddress,jdbcType=VARCHAR}, #{telephone,jdbcType=VARCHAR}, 
      #{sosPersonName,jdbcType=VARCHAR}, #{relationship,jdbcType=VARCHAR}, #{sosNo,jdbcType=VARCHAR}, 
      #{password,jdbcType=VARCHAR},#{to_user,jdbcType=VARCHAR})
  </insert>
  <insert id="insertSelective" parameterType="com.ttorder.crud.bean.EmployeeInformation">
    insert into employee
    <trim prefix="(" suffix=")" suffixOverrides=",">
      <if test="employeeId != null">
        employee_id,
      </if>
      <if test="employeeClass != null">
        employee_class,
      </if>
      <if test="employeeName != null">
        employee_name,
      </if>
      <if test="supplierName != null">
        supplier_name,
      </if>
      <if test="department != null">
        department,
      </if>
      <if test="employeePosition != null">
        employee_position,
      </if>
      <if test="province != null">
        province,
      </if>
      <if test="city != null">
        city,
      </if>
      <if test="employeePost != null">
        employee_post,
      </if>
      <if test="ranks != null">
        ranks,
      </if>
      <if test="weight != null">
        weight,
      </if>
      <if test="jurisdiction != null">
        jurisdiction,
      </if>
      <if test="gender != null">
        gender,
      </if>
      <if test="employeeBirthday != null">
        employee_birthday,
      </if>
      <if test="employeeNation != null">
        employee_nation,
      </if>
      <if test="employeePlace != null">
        employee_place,
      </if>
      <if test="marriageChildbearing != null">
        marriage_childbearing,
      </if>
      <if test="height != null">
        height,
      </if>
      <if test="bodyWeight != null">
        body_weight,
      </if>
      <if test="health != null">
        health,
      </if>
      <if test="education != null">
        education,
      </if>
      <if test="major != null">
        major,
      </if>
      <if test="graduationSchool != null">
        graduation_school,
      </if>
      <if test="academicDegree != null">
        academic_degree,
      </if>
      <if test="graduationTime != null">
        graduation_time,
      </if>
      <if test="expertise != null">
        expertise,
      </if>
      <if test="register != null">
        register,
      </if>
      <if test="idNumber != null">
        ID_number,
      </if>
      <if test="presentAddress != null">
        present_address,
      </if>
      <if test="telephone != null">
        telephone,
      </if>
      <if test="sosPersonName != null">
        sos_person_name,
      </if>
      <if test="relationship != null">
        relationship,
      </if>
      <if test="sosNo != null">
        sos_no,
      </if>
      <if test="password != null">
        password,
      </if>
       <if test="toUser != null">
        to_user,
      </if>
    </trim>
    <trim prefix="values (" suffix=")" suffixOverrides=",">
      <if test="employeeId != null">
        #{employeeId,jdbcType=INTEGER},
      </if>
      <if test="employeeClass != null">
        #{employeeClass,jdbcType=VARCHAR},
      </if>
      <if test="employeeName != null">
        #{employeeName,jdbcType=VARCHAR},
      </if>
      <if test="supplierName != null">
        #{supplierName,jdbcType=VARCHAR},
      </if>
      <if test="department != null">
        #{department,jdbcType=VARCHAR},
      </if>
      <if test="employeePosition != null">
        #{employeePosition,jdbcType=VARCHAR},
      </if>
      <if test="province != null">
        #{province,jdbcType=VARCHAR},
      </if>
      <if test="city != null">
        #{city,jdbcType=VARCHAR},
      </if>
      <if test="employeePost != null">
        #{employeePost,jdbcType=VARCHAR},
      </if>
      <if test="ranks != null">
        #{ranks,jdbcType=VARCHAR},
      </if>
      <if test="weight != null">
        #{weight,jdbcType=DOUBLE},
      </if>
      <if test="jurisdiction != null">
        #{jurisdiction,jdbcType=VARCHAR},
      </if>
      <if test="gender != null">
        #{gender,jdbcType=VARCHAR},
      </if>
      <if test="employeeBirthday != null">
        #{employeeBirthday,jdbcType=VARCHAR},
      </if>
      <if test="employeeNation != null">
        #{employeeNation,jdbcType=VARCHAR},
      </if>
      <if test="employeePlace != null">
        #{employeePlace,jdbcType=VARCHAR},
      </if>
      <if test="marriageChildbearing != null">
        #{marriageChildbearing,jdbcType=VARCHAR},
      </if>
      <if test="height != null">
        #{height,jdbcType=DOUBLE},
      </if>
      <if test="bodyWeight != null">
        #{bodyWeight,jdbcType=DOUBLE},
      </if>
      <if test="health != null">
        #{health,jdbcType=VARCHAR},
      </if>
      <if test="education != null">
        #{education,jdbcType=VARCHAR},
      </if>
      <if test="major != null">
        #{major,jdbcType=VARCHAR},
      </if>
      <if test="graduationSchool != null">
        #{graduationSchool,jdbcType=VARCHAR},
      </if>
      <if test="academicDegree != null">
        #{academicDegree,jdbcType=VARCHAR},
      </if>
      <if test="graduationTime != null">
        #{graduationTime,jdbcType=VARCHAR},
      </if>
      <if test="expertise != null">
        #{expertise,jdbcType=VARCHAR},
      </if>
      <if test="register != null">
        #{register,jdbcType=VARCHAR},
      </if>
      <if test="idNumber != null">
        #{idNumber,jdbcType=INTEGER},
      </if>
      <if test="presentAddress != null">
        #{presentAddress,jdbcType=VARCHAR},
      </if>
      <if test="telephone != null">
        #{telephone,jdbcType=VARCHAR},
      </if>
      <if test="sosPersonName != null">
        #{sosPersonName,jdbcType=VARCHAR},
      </if>
      <if test="relationship != null">
        #{relationship,jdbcType=VARCHAR},
      </if>
      <if test="sosNo != null">
        #{sosNo,jdbcType=VARCHAR},
      </if>
      <if test="password != null">
        #{password,jdbcType=VARCHAR},
      </if>
      <if test="toUser != null">
        #{toUser,jdbcType=VARCHAR},
      </if>
    </trim>
  </insert>
  <update id="updateByPrimaryKeySelective" parameterType="com.ttorder.crud.bean.EmployeeInformation">
    update employee
    <set>
      <if test="employeeClass != null">
        employee_class = #{employeeClass,jdbcType=VARCHAR},
      </if>
      <if test="employeeName != null">
        employee_name = #{employeeName,jdbcType=VARCHAR},
      </if>
      <if test="supplierName != null">
        supplier_name = #{supplierName,jdbcType=VARCHAR},
      </if>
      <if test="department != null">
        department = #{department,jdbcType=VARCHAR},
      </if>
      <if test="employeePosition != null">
        employee_position = #{employeePosition,jdbcType=VARCHAR},
      </if>
      <if test="province != null">
        province = #{province,jdbcType=VARCHAR},
      </if>
      <if test="city != null">
        city = #{city,jdbcType=VARCHAR},
      </if>
      <if test="employeePost != null">
        employee_post = #{employeePost,jdbcType=VARCHAR},
      </if>
      <if test="ranks != null">
        ranks = #{ranks,jdbcType=VARCHAR},
      </if>
      <if test="weight != null">
        weight = #{weight,jdbcType=DOUBLE},
      </if>
      <if test="jurisdiction != null">
        jurisdiction = #{jurisdiction,jdbcType=VARCHAR},
      </if>
      <if test="gender != null">
        gender = #{gender,jdbcType=VARCHAR},
      </if>
      <if test="employeeBirthday != null">
        employee_birthday = #{employeeBirthday,jdbcType=VARCHAR},
      </if>
      <if test="employeeNation != null">
        employee_nation = #{employeeNation,jdbcType=VARCHAR},
      </if>
      <if test="employeePlace != null">
        employee_place = #{employeePlace,jdbcType=VARCHAR},
      </if>
      <if test="marriageChildbearing != null">
        marriage_childbearing = #{marriageChildbearing,jdbcType=VARCHAR},
      </if>
      <if test="height != null">
        height = #{height,jdbcType=DOUBLE},
      </if>
      <if test="bodyWeight != null">
        body_weight = #{bodyWeight,jdbcType=DOUBLE},
      </if>
      <if test="health != null">
        health = #{health,jdbcType=VARCHAR},
      </if>
      <if test="education != null">
        education = #{education,jdbcType=VARCHAR},
      </if>
      <if test="major != null">
        major = #{major,jdbcType=VARCHAR},
      </if>
      <if test="graduationSchool != null">
        graduation_school = #{graduationSchool,jdbcType=VARCHAR},
      </if>
      <if test="academicDegree != null">
        academic_degree = #{academicDegree,jdbcType=VARCHAR},
      </if>
      <if test="graduationTime != null">
        graduation_time = #{graduationTime,jdbcType=VARCHAR},
      </if>
      <if test="expertise != null">
        expertise = #{expertise,jdbcType=VARCHAR},
      </if>
      <if test="register != null">
        register = #{register,jdbcType=VARCHAR},
      </if>
      <if test="idNumber != null">
        ID_number = #{idNumber,jdbcType=INTEGER},
      </if>
      <if test="presentAddress != null">
        present_address = #{presentAddress,jdbcType=VARCHAR},
      </if>
      <if test="telephone != null">
        telephone = #{telephone,jdbcType=VARCHAR},
      </if>
      <if test="sosPersonName != null">
        sos_person_name = #{sosPersonName,jdbcType=VARCHAR},
      </if>
      <if test="relationship != null">
        relationship = #{relationship,jdbcType=VARCHAR},
      </if>
      <if test="sosNo != null">
        sos_no = #{sosNo,jdbcType=VARCHAR},
      </if>
      <if test="password != null">
        password = #{password,jdbcType=VARCHAR},
      </if>
      <if test="toUser != null">
        to_user = #{toUser,jdbcType=VARCHAR},
      </if>
    </set>
    where employee_id = #{employeeId,jdbcType=INTEGER}
  </update>
  <update id="updateByPrimaryKey" parameterType="com.ttorder.crud.bean.EmployeeInformation">
    update employee
    set employee_class = #{employeeClass,jdbcType=VARCHAR},
      employee_name = #{employeeName,jdbcType=VARCHAR},
      supplier_name = #{supplierName,jdbcType=VARCHAR},
      department = #{department,jdbcType=VARCHAR},
      employee_position = #{employeePosition,jdbcType=VARCHAR},
      province = #{province,jdbcType=VARCHAR},
      city = #{city,jdbcType=VARCHAR},
      employee_post = #{employeePost,jdbcType=VARCHAR},
      ranks = #{ranks,jdbcType=VARCHAR},
      weight = #{weight,jdbcType=DOUBLE},
      jurisdiction = #{jurisdiction,jdbcType=VARCHAR},
      gender = #{gender,jdbcType=VARCHAR},
      employee_birthday = #{employeeBirthday,jdbcType=VARCHAR},
      employee_nation = #{employeeNation,jdbcType=VARCHAR},
      employee_place = #{employeePlace,jdbcType=VARCHAR},
      marriage_childbearing = #{marriageChildbearing,jdbcType=VARCHAR},
      height = #{height,jdbcType=DOUBLE},
      body_weight = #{bodyWeight,jdbcType=DOUBLE},
      health = #{health,jdbcType=VARCHAR},
      education = #{education,jdbcType=VARCHAR},
      major = #{major,jdbcType=VARCHAR},
      graduation_school = #{graduationSchool,jdbcType=VARCHAR},
      academic_degree = #{academicDegree,jdbcType=VARCHAR},
      graduation_time = #{graduationTime,jdbcType=VARCHAR},
      expertise = #{expertise,jdbcType=VARCHAR},
      register = #{register,jdbcType=VARCHAR},
      ID_number = #{idNumber,jdbcType=INTEGER},
      present_address = #{presentAddress,jdbcType=VARCHAR},
      telephone = #{telephone,jdbcType=VARCHAR},
      sos_person_name = #{sosPersonName,jdbcType=VARCHAR},
      relationship = #{relationship,jdbcType=VARCHAR},
      sos_no = #{sosNo,jdbcType=VARCHAR},
      password = #{password,jdbcType=VARCHAR}
      to_user = #{toUser,jdbcType=VARCHAR}
    where employee_id = #{employeeId,jdbcType=INTEGER}
  </update>
</mapper>