<?xml version="1.0" encoding="UTF-8"?>
<!DOCTYPE mapper PUBLIC "-//mybatis.org//DTD Mapper 3.0//EN" "http://mybatis.org/dtd/mybatis-3-mapper.dtd">
<mapper namespace="com.ttorder.crud.dao.FeedbackInformationMapper">
  <resultMap id="BaseResultMap" type="com.ttorder.crud.bean.FeedbackInformation">
    <id column="id" jdbcType="INTEGER" property="id" />
    <result column="emp_id" jdbcType="VARCHAR" property="empId" />
    <result column="date" jdbcType="DATE" property="date" />
    <result column="return_info" jdbcType="VARCHAR" property="returnInfo" />
    <result column="order_no" jdbcType="VARCHAR" property="orderNo" />
  </resultMap>
  <sql id="Base_Column_List">
    id, emp_id, date, return_info, order_no
  </sql>
  <select id="selectByPrimaryKey" parameterType="java.lang.Integer" resultMap="BaseResultMap">
    select 
    <include refid="Base_Column_List" />
    from feedback
    where id = #{id,jdbcType=INTEGER}
  </select>
  <delete id="deleteByPrimaryKey" parameterType="java.lang.Integer">
    delete from feedback
    where id = #{id,jdbcType=INTEGER}
  </delete>
  <!-- 根据订单号查询客服反馈 -->
  <select id="getAllFeed" parameterType="java.lang.String" resultMap="BaseResultMap">
    select 
    <include refid="Base_Column_List" />
    from feedback
    where order_no = #{orderNo,jdbcType=VARCHAR}
  </select>
  <insert id="insert" parameterType="com.ttorder.crud.bean.FeedbackInformation">
    insert into feedback (id, emp_id, date, 
      return_info, order_no)
    values (#{id,jdbcType=INTEGER}, #{empId,jdbcType=VARCHAR}, #{date,jdbcType=DATE}, 
      #{returnInfo,jdbcType=VARCHAR}, #{orderNo,jdbcType=VARCHAR})
  </insert>
  <insert id="insertSelective" parameterType="com.ttorder.crud.bean.FeedbackInformation">
    insert into feedback
    <trim prefix="(" suffix=")" suffixOverrides=",">
      <if test="id != null">
        id,
      </if>
      <if test="empId != null">
        emp_id,
      </if>
      <if test="date != null">
        date,
      </if>
      <if test="returnInfo != null">
        return_info,
      </if>
      <if test="orderNo != null">
        order_no,
      </if>
    </trim>
    <trim prefix="values (" suffix=")" suffixOverrides=",">
      <if test="id != null">
        #{id,jdbcType=INTEGER},
      </if>
      <if test="empId != null">
        #{empId,jdbcType=VARCHAR},
      </if>
      <if test="date != null">
        #{date,jdbcType=DATE},
      </if>
      <if test="returnInfo != null">
        #{returnInfo,jdbcType=VARCHAR},
      </if>
      <if test="orderNo != null">
        #{orderNo,jdbcType=VARCHAR},
      </if>
    </trim>
  </insert>
  <update id="updateByPrimaryKeySelective" parameterType="com.ttorder.crud.bean.FeedbackInformation">
    update feedback
    <set>
      <if test="empId != null">
        emp_id = #{empId,jdbcType=VARCHAR},
      </if>
      <if test="date != null">
        date = #{date,jdbcType=DATE},
      </if>
      <if test="returnInfo != null">
        return_info = #{returnInfo,jdbcType=VARCHAR},
      </if>
      <if test="orderNo != null">
        order_no = #{orderNo,jdbcType=VARCHAR},
      </if>
    </set>
    where id = #{id,jdbcType=INTEGER}
  </update>
  <update id="updateByPrimaryKey" parameterType="com.ttorder.crud.bean.FeedbackInformation">
    update feedback
    set emp_id = #{empId,jdbcType=VARCHAR},
      date = #{date,jdbcType=DATE},
      return_info = #{returnInfo,jdbcType=VARCHAR},
      order_no = #{orderNo,jdbcType=VARCHAR}
    where id = #{id,jdbcType=INTEGER}
  </update>
</mapper>