<?xml version="1.0" encoding="UTF-8"?>
<!DOCTYPE mapper PUBLIC "-//mybatis.org//DTD Mapper 3.0//EN" "http://mybatis.org/dtd/mybatis-3-mapper.dtd">
<mapper namespace="com.ttorder.crud.dao.FreeInformationMapper">
  <resultMap id="BaseResultMap" type="com.ttorder.crud.bean.FreeInformation">
    <id column="free_id" jdbcType="INTEGER" property="freeId" />
    <result column="material_science_id" jdbcType="VARCHAR" property="materialScienceId" />
    <result column="material_science_no" jdbcType="VARCHAR" property="materialScienceNo" />
    <result column="free_remarks" jdbcType="VARCHAR" property="freeRemarks" />
    <result column="free_name" jdbcType="VARCHAR" property="freeName" />
  </resultMap>
  <sql id="Base_Column_List">
    free_id, material_science_id, material_science_no, free_remarks, free_name
  </sql>
  <select id="selectByPrimaryKey" parameterType="java.lang.Integer" resultMap="BaseResultMap">
    select 
    <include refid="Base_Column_List" />
    from free_package
    where free_id = #{freeId,jdbcType=INTEGER}
  </select>
  <!-- 查询所有的免费套餐 -->
  <select id="selectAll" resultMap="BaseResultMap">
    select 
    <include refid="Base_Column_List" />
    from free_package
  </select>
  <delete id="deleteByPrimaryKey" parameterType="java.lang.Integer">
    delete from free_package
    where free_id = #{freeId,jdbcType=INTEGER}
  </delete>
  <insert id="insert" parameterType="com.ttorder.crud.bean.FreeInformation">
    insert into free_package (free_id, material_science_id, material_science_no, 
      free_remarks, free_name)
    values (#{freeId,jdbcType=INTEGER}, #{materialScienceId,jdbcType=VARCHAR}, #{materialScienceNo,jdbcType=VARCHAR}, 
      #{freeRemarks,jdbcType=VARCHAR}, #{freeName,jdbcType=VARCHAR})
  </insert>
  <insert id="insertSelective" parameterType="com.ttorder.crud.bean.FreeInformation">
    insert into free_package
    <trim prefix="(" suffix=")" suffixOverrides=",">
      <if test="freeId != null">
        free_id,
      </if>
      <if test="materialScienceId != null">
        material_science_id,
      </if>
      <if test="materialScienceNo != null">
        material_science_no,
      </if>
      <if test="freeRemarks != null">
        free_remarks,
      </if>
      <if test="freeName != null">
        free_name,
      </if>
    </trim>
    <trim prefix="values (" suffix=")" suffixOverrides=",">
      <if test="freeId != null">
        #{freeId,jdbcType=INTEGER},
      </if>
      <if test="materialScienceId != null">
        #{materialScienceId,jdbcType=VARCHAR},
      </if>
      <if test="materialScienceNo != null">
        #{materialScienceNo,jdbcType=VARCHAR},
      </if>
      <if test="freeRemarks != null">
        #{freeRemarks,jdbcType=VARCHAR},
      </if>
      <if test="freeName != null">
        #{freeName,jdbcType=VARCHAR},
      </if>
    </trim>
  </insert>
  <update id="updateByPrimaryKeySelective" parameterType="com.ttorder.crud.bean.FreeInformation">
    update free_package
    <set>
      <if test="materialScienceId != null">
        material_science_id = #{materialScienceId,jdbcType=VARCHAR},
      </if>
      <if test="materialScienceNo != null">
        material_science_no = #{materialScienceNo,jdbcType=VARCHAR},
      </if>
      <if test="freeRemarks != null">
        free_remarks = #{freeRemarks,jdbcType=VARCHAR},
      </if>
      <if test="freeName != null">
        free_name = #{freeName,jdbcType=VARCHAR},
      </if>
    </set>
    where free_id = #{freeId,jdbcType=INTEGER}
  </update>
  <update id="updateByPrimaryKey" parameterType="com.ttorder.crud.bean.FreeInformation">
    update free_package
    set material_science_id = #{materialScienceId,jdbcType=VARCHAR},
      material_science_no = #{materialScienceNo,jdbcType=VARCHAR},
      free_remarks = #{freeRemarks,jdbcType=VARCHAR},
      free_name = #{freeName,jdbcType=VARCHAR}
    where free_id = #{freeId,jdbcType=INTEGER}
  </update>
</mapper>