<?xml version="1.0" encoding="UTF-8"?>
<!DOCTYPE mapper PUBLIC "-//mybatis.org//DTD Mapper 3.0//EN" "http://mybatis.org/dtd/mybatis-3-mapper.dtd">
<mapper namespace="com.ttorder.crud.dao.ImgInformationMapper">
  <resultMap id="BaseResultMap" type="com.ttorder.crud.bean.ImgInformation">
    <id column="uid" jdbcType="INTEGER" property="uid" />
    <result column="id_code" jdbcType="VARCHAR" property="idCode" />
    <result column="imageURL" jdbcType="VARCHAR" property="imageurl" />
  </resultMap>
  <sql id="Base_Column_List">
    uid, id_code, imageURL
  </sql>
  <select id="selectByPrimaryKey" parameterType="java.lang.Integer" resultMap="BaseResultMap">
    select 
    <include refid="Base_Column_List" />
    from image
    where uid = #{uid,jdbcType=INTEGER}
  </select>
  <!-- 根据物料编号 或者 施工单号回显图片 -->
  
  <select id="selectByIdcode" parameterType="java.lang.String" resultMap="BaseResultMap">
    select 
    <include refid="Base_Column_List" />
    from image
    where id_code = #{idCode,jdbcType=VARCHAR}
  </select>
  <delete id="deleteByPrimaryKey" parameterType="java.lang.Integer">
    delete from image
    where uid = #{uid,jdbcType=INTEGER}
  </delete>
  <insert id="insert" parameterType="com.ttorder.crud.bean.ImgInformation">
    insert into image (uid, id_code, imageURL
      )
    values (#{uid,jdbcType=INTEGER}, #{idCode,jdbcType=VARCHAR}, #{imageurl,jdbcType=VARCHAR}
      )
  </insert>
  <insert id="insertSelective" parameterType="com.ttorder.crud.bean.ImgInformation">
    insert into image
    <trim prefix="(" suffix=")" suffixOverrides=",">
      <if test="uid != null">
        uid,
      </if>
      <if test="idCode != null">
        id_code,
      </if>
      <if test="imageurl != null">
        imageURL,
      </if>
    </trim>
    <trim prefix="values (" suffix=")" suffixOverrides=",">
      <if test="uid != null">
        #{uid,jdbcType=INTEGER},
      </if>
      <if test="idCode != null">
        #{idCode,jdbcType=VARCHAR},
      </if>
      <if test="imageurl != null">
        #{imageurl,jdbcType=VARCHAR},
      </if>
    </trim>
  </insert>
  <update id="updateByPrimaryKeySelective" parameterType="com.ttorder.crud.bean.ImgInformation">
    update image
    <set>
      <if test="idCode != null">
        id_code = #{idCode,jdbcType=VARCHAR},
      </if>
      <if test="imageurl != null">
        imageURL = #{imageurl,jdbcType=VARCHAR},
      </if>
    </set>
    where uid = #{uid,jdbcType=INTEGER}
  </update>
  <update id="updateByPrimaryKey" parameterType="com.ttorder.crud.bean.ImgInformation">
    update image
    set id_code = #{idCode,jdbcType=VARCHAR},
      imageURL = #{imageurl,jdbcType=VARCHAR}
    where uid = #{uid,jdbcType=INTEGER}
  </update>
</mapper>