<?xml version="1.0" encoding="UTF-8"?>
<!DOCTYPE mapper PUBLIC "-//mybatis.org//DTD Mapper 3.0//EN" "http://mybatis.org/dtd/mybatis-3-mapper.dtd">
<mapper namespace="com.ttorder.crud.dao.MaterialToolInformationMapper">
  <resultMap id="BaseResultMap" type="com.ttorder.crud.bean.MaterialToolInformation">
    <id column="material_id" jdbcType="INTEGER" property="materialId" />
    <result column="material_science_id" jdbcType="VARCHAR" property="materialScienceId" />
    <result column="material_class" jdbcType="VARCHAR" property="materialClass" />
    <result column="material_tool_name" jdbcType="VARCHAR" property="materialToolName" />
    <result column="material_brand" jdbcType="VARCHAR" property="materialBrand" />
    <result column="specification_type" jdbcType="VARCHAR" property="specificationType" />
    <result column="unit" jdbcType="VARCHAR" property="unit" />
    <result column="tool_state" jdbcType="VARCHAR" property="toolState" />
    <result column="tool_picture" jdbcType="VARCHAR" property="toolPicture" />
  </resultMap>
  
  <resultMap id="QueResultMap" type="com.ttorder.crud.bean.MaterialToolInformation">
    <id column="material_id" jdbcType="INTEGER" property="materialId" />
    <result column="material_science_id" jdbcType="VARCHAR" property="materialScienceId" />
    <result column="material_class" jdbcType="VARCHAR" property="materialClass" />
    <result column="material_tool_name" jdbcType="VARCHAR" property="materialToolName" />
    <result column="material_brand" jdbcType="VARCHAR" property="materialBrand" />
    <result column="specification_type" jdbcType="VARCHAR" property="specificationType" />
    <result column="unit" jdbcType="VARCHAR" property="unit" />
    <result column="tool_state" jdbcType="VARCHAR" property="toolState" />
    <result column="tool_picture" jdbcType="VARCHAR" property="toolPicture" />
    <association property="quotationInformation" javaType="com.ttorder.crud.bean.QuotationInformation">
    	 <id column="quotation_sheet_id" jdbcType="INTEGER" property="quotationSheetId" />
    	<result column="quotation_class" jdbcType="VARCHAR" property="quotationClass" />
    	<result column="material_science_id" jdbcType="VARCHAR" property="materialScienceId" />
    	<result column="service_brand" jdbcType="VARCHAR" property="serviceBrand" />
    	<result column="supplier_id" jdbcType="INTEGER" property="supplierId" />
    	<result column="quoted_version" jdbcType="VARCHAR" property="quotedVersion" />
    	<result column="unit_price" jdbcType="VARCHAR" property="unitPrice" />
    </association>
  </resultMap>
  
  <sql id="Base_Column_List">
    material_id, material_science_id, material_class, material_tool_name, material_brand, 
    specification_type, unit, tool_state, tool_picture
  </sql>
  <sql id="Que_Column_List">
   a.material_id, a.material_science_id, a.material_class, a.material_tool_name, a.material_brand, 
   a.specification_type, a.unit, a.tool_state, a.tool_picture,
   b.quotation_sheet_id, b.quotation_class, b.material_science_id, b.service_brand, b.supplier_id, 
    b.quoted_version, b.unit_price
  </sql>
  
  <select id="selectByPrimaryKey" parameterType="java.lang.Integer" resultMap="BaseResultMap">
    select 
    <include refid="Base_Column_List" />
    from material_tool_sheet
    where material_id = #{materialId,jdbcType=INTEGER}
  </select>
  <!-- 带报价的查询 -->
  <select id="selectWithQue" resultMap="QueResultMap">
    select 
    <include refid="Que_Column_List" />
    from material_tool_sheet as a LEFT join quotation_sheet as b on a.material_science_id=b.material_science_id 
  </select>
  <!-- 根据物料类别查询物料全表 -->
  <select id="selectByMaterialClass" parameterType="java.lang.String" resultMap="BaseResultMap">
    select 
    <include refid="Base_Column_List" />
    from material_tool_sheet
    where material_class = #{materialClass,jdbcType=VARCHAR}
  </select>
  <!-- 根据物料名模糊搜索物料信息 -->
  <select id="selectmtByname" parameterType="java.lang.String" resultMap="BaseResultMap">
    select 
    <include refid="Base_Column_List" />
    from material_tool_sheet
    where material_tool_name like "%"#{mtname,jdbcType=VARCHAR}"%"
  </select>
  <delete id="deleteByPrimaryKey" parameterType="java.lang.Integer">
    delete from material_tool_sheet
    where material_id = #{materialId,jdbcType=INTEGER}
  </delete>
  <insert id="insert" parameterType="com.ttorder.crud.bean.MaterialToolInformation">
    insert into material_tool_sheet (material_id, material_science_id, material_class, 
      material_tool_name, material_brand, specification_type, 
      unit, tool_state, tool_picture
      )
    values (#{materialId,jdbcType=INTEGER}, #{materialScienceId,jdbcType=VARCHAR}, #{materialClass,jdbcType=VARCHAR}, 
      #{materialToolName,jdbcType=VARCHAR}, #{materialBrand,jdbcType=VARCHAR}, #{specificationType,jdbcType=VARCHAR}, 
      #{unit,jdbcType=VARCHAR}, #{toolState,jdbcType=VARCHAR}, #{toolPicture,jdbcType=VARCHAR}
      )
  </insert>
  <insert id="insertSelective" parameterType="com.ttorder.crud.bean.MaterialToolInformation">
    insert into material_tool_sheet
    <trim prefix="(" suffix=")" suffixOverrides=",">
      <if test="materialId != null">
        material_id,
      </if>
      <if test="materialScienceId != null">
        material_science_id,
      </if>
      <if test="materialClass != null">
        material_class,
      </if>
      <if test="materialToolName != null">
        material_tool_name,
      </if>
      <if test="materialBrand != null">
        material_brand,
      </if>
      <if test="specificationType != null">
        specification_type,
      </if>
      <if test="unit != null">
        unit,
      </if>
      <if test="toolState != null">
        tool_state,
      </if>
      <if test="toolPicture != null">
        tool_picture,
      </if>
    </trim>
    <trim prefix="values (" suffix=")" suffixOverrides=",">
      <if test="materialId != null">
        #{materialId,jdbcType=INTEGER},
      </if>
      <if test="materialScienceId != null">
        #{materialScienceId,jdbcType=VARCHAR},
      </if>
      <if test="materialClass != null">
        #{materialClass,jdbcType=VARCHAR},
      </if>
      <if test="materialToolName != null">
        #{materialToolName,jdbcType=VARCHAR},
      </if>
      <if test="materialBrand != null">
        #{materialBrand,jdbcType=VARCHAR},
      </if>
      <if test="specificationType != null">
        #{specificationType,jdbcType=VARCHAR},
      </if>
      <if test="unit != null">
        #{unit,jdbcType=VARCHAR},
      </if>
      <if test="toolState != null">
        #{toolState,jdbcType=VARCHAR},
      </if>
      <if test="toolPicture != null">
        #{toolPicture,jdbcType=VARCHAR},
      </if>
    </trim>
  </insert>
  <update id="updateByPrimaryKeySelective" parameterType="com.ttorder.crud.bean.MaterialToolInformation">
    update material_tool_sheet
    <set>
      <if test="materialScienceId != null">
        material_science_id = #{materialScienceId,jdbcType=VARCHAR},
      </if>
      <if test="materialClass != null">
        material_class = #{materialClass,jdbcType=VARCHAR},
      </if>
      <if test="materialToolName != null">
        material_tool_name = #{materialToolName,jdbcType=VARCHAR},
      </if>
      <if test="materialBrand != null">
        material_brand = #{materialBrand,jdbcType=VARCHAR},
      </if>
      <if test="specificationType != null">
        specification_type = #{specificationType,jdbcType=VARCHAR},
      </if>
      <if test="unit != null">
        unit = #{unit,jdbcType=VARCHAR},
      </if>
      <if test="toolState != null">
        tool_state = #{toolState,jdbcType=VARCHAR},
      </if>
      <if test="toolPicture != null">
        tool_picture = #{toolPicture,jdbcType=VARCHAR},
      </if>
    </set>
    where material_id = #{materialId,jdbcType=INTEGER}
  </update>
  <update id="updateByPrimaryKey" parameterType="com.ttorder.crud.bean.MaterialToolInformation">
    update material_tool_sheet
    set material_science_id = #{materialScienceId,jdbcType=VARCHAR},
      material_class = #{materialClass,jdbcType=VARCHAR},
      material_tool_name = #{materialToolName,jdbcType=VARCHAR},
      material_brand = #{materialBrand,jdbcType=VARCHAR},
      specification_type = #{specificationType,jdbcType=VARCHAR},
      unit = #{unit,jdbcType=VARCHAR},
      tool_state = #{toolState,jdbcType=VARCHAR},
      tool_picture = #{toolPicture,jdbcType=VARCHAR}
    where material_id = #{materialId,jdbcType=INTEGER}
  </update>
</mapper>