<?xml version="1.0" encoding="UTF-8"?>
<!DOCTYPE mapper PUBLIC "-//mybatis.org//DTD Mapper 3.0//EN" "http://mybatis.org/dtd/mybatis-3-mapper.dtd">
<mapper namespace="com.ttorder.crud.dao.OrderDetailsInformationMapper">
  <resultMap id="BaseResultMap" type="com.ttorder.crud.bean.OrderDetailsInformation">
    <id column="amoney_id" jdbcType="INTEGER" property="amoneyId" />
    <result column="construction_id" jdbcType="VARCHAR" property="constructionId" />
    <result column="material_science_id" jdbcType="VARCHAR" property="materialScienceId" />
    <result column="amount" jdbcType="INTEGER" property="amount" />
    <result column="unit_price" jdbcType="DOUBLE" property="unitPrice" />
    <result column="remarks" jdbcType="VARCHAR" property="remarks" />
    <result column="order_no" jdbcType="VARCHAR" property="orderNo" />
    <result column="material_tool_name" jdbcType="VARCHAR" property="materialToolName" />
    <result column="material_brand" jdbcType="VARCHAR" property="materialBrand" />
    <result column="unit" jdbcType="VARCHAR" property="unit" />
  </resultMap>
  <sql id="Base_Column_List">
    amoney_id, construction_id, material_science_id, amount, unit_price, remarks, order_no, 
    material_tool_name, material_brand, unit
  </sql>
  <select id="selectByPrimaryKey" parameterType="java.lang.Integer" resultMap="BaseResultMap">
    select 
    <include refid="Base_Column_List" />
    from order_details
    where amoney_id = #{amoneyId,jdbcType=INTEGER}
  </select>
  <!-- 通过施工单号查询订单明细报价 -->
  <select id="selectDetailsByConstructionId" parameterType="java.lang.String" resultMap="BaseResultMap">
    select 
    <include refid="Base_Column_List" />
    from order_details
    where construction_id = #{constructionId,jdbcType=VARCHAR}
  </select>

  <delete id="deleteByPrimaryKey" parameterType="java.lang.Integer">
    delete from order_details
    where amoney_id = #{amoneyId,jdbcType=INTEGER}
  </delete>
  <insert id="insert" parameterType="com.ttorder.crud.bean.OrderDetailsInformation">
    insert into order_details (amoney_id, construction_id, material_science_id, 
      amount, unit_price, remarks, 
      order_no, material_tool_name, material_brand, 
      unit)
    values (#{amoneyId,jdbcType=INTEGER}, #{constructionId,jdbcType=VARCHAR}, #{materialScienceId,jdbcType=VARCHAR}, 
      #{amount,jdbcType=INTEGER}, #{unitPrice,jdbcType=DOUBLE}, #{remarks,jdbcType=VARCHAR}, 
      #{orderNo,jdbcType=VARCHAR}, #{materialToolName,jdbcType=VARCHAR}, #{materialBrand,jdbcType=VARCHAR}, 
      #{unit,jdbcType=VARCHAR})
  </insert>
  <insert id="insertSelective" parameterType="com.ttorder.crud.bean.OrderDetailsInformation">
    insert into order_details
    <trim prefix="(" suffix=")" suffixOverrides=",">
      <if test="amoneyId != null">
        amoney_id,
      </if>
      <if test="constructionId != null">
        construction_id,
      </if>
      <if test="materialScienceId != null">
        material_science_id,
      </if>
      <if test="amount != null">
        amount,
      </if>
      <if test="unitPrice != null">
        unit_price,
      </if>
      <if test="remarks != null">
        remarks,
      </if>
      <if test="orderNo != null">
        order_no,
      </if>
      <if test="materialToolName != null">
        material_tool_name,
      </if>
      <if test="materialBrand != null">
        material_brand,
      </if>
      <if test="unit != null">
        unit,
      </if>
    </trim>
    <trim prefix="values (" suffix=")" suffixOverrides=",">
      <if test="amoneyId != null">
        #{amoneyId,jdbcType=INTEGER},
      </if>
      <if test="constructionId != null">
        #{constructionId,jdbcType=VARCHAR},
      </if>
      <if test="materialScienceId != null">
        #{materialScienceId,jdbcType=VARCHAR},
      </if>
      <if test="amount != null">
        #{amount,jdbcType=INTEGER},
      </if>
      <if test="unitPrice != null">
        #{unitPrice,jdbcType=DOUBLE},
      </if>
      <if test="remarks != null">
        #{remarks,jdbcType=VARCHAR},
      </if>
      <if test="orderNo != null">
        #{orderNo,jdbcType=VARCHAR},
      </if>
      <if test="materialToolName != null">
        #{materialToolName,jdbcType=VARCHAR},
      </if>
      <if test="materialBrand != null">
        #{materialBrand,jdbcType=VARCHAR},
      </if>
      <if test="unit != null">
        #{unit,jdbcType=VARCHAR},
      </if>
    </trim>
  </insert>
  <update id="updateByPrimaryKeySelective" parameterType="com.ttorder.crud.bean.OrderDetailsInformation">
    update order_details
    <set>
      <if test="constructionId != null">
        construction_id = #{constructionId,jdbcType=VARCHAR},
      </if>
      <if test="materialScienceId != null">
        material_science_id = #{materialScienceId,jdbcType=VARCHAR},
      </if>
      <if test="amount != null">
        amount = #{amount,jdbcType=INTEGER},
      </if>
      <if test="unitPrice != null">
        unit_price = #{unitPrice,jdbcType=DOUBLE},
      </if>
      <if test="remarks != null">
        remarks = #{remarks,jdbcType=VARCHAR},
      </if>
      <if test="orderNo != null">
        order_no = #{orderNo,jdbcType=VARCHAR},
      </if>
      <if test="materialToolName != null">
        material_tool_name = #{materialToolName,jdbcType=VARCHAR},
      </if>
      <if test="materialBrand != null">
        material_brand = #{materialBrand,jdbcType=VARCHAR},
      </if>
      <if test="unit != null">
        unit = #{unit,jdbcType=VARCHAR},
      </if>
    </set>
    where amoney_id = #{amoneyId,jdbcType=INTEGER}
  </update>
  <update id="updateByPrimaryKey" parameterType="com.ttorder.crud.bean.OrderDetailsInformation">
    update order_details
    set construction_id = #{constructionId,jdbcType=VARCHAR},
      material_science_id = #{materialScienceId,jdbcType=VARCHAR},
      amount = #{amount,jdbcType=INTEGER},
      unit_price = #{unitPrice,jdbcType=DOUBLE},
      remarks = #{remarks,jdbcType=VARCHAR},
      order_no = #{orderNo,jdbcType=VARCHAR},
      material_tool_name = #{materialToolName,jdbcType=VARCHAR},
      material_brand = #{materialBrand,jdbcType=VARCHAR},
      unit = #{unit,jdbcType=VARCHAR}
    where amoney_id = #{amoneyId,jdbcType=INTEGER}
  </update>
</mapper>