<?xml version="1.0" encoding="UTF-8"?>
<!DOCTYPE mapper PUBLIC "-//mybatis.org//DTD Mapper 3.0//EN" "http://mybatis.org/dtd/mybatis-3-mapper.dtd">
<mapper namespace="com.ttorder.crud.dao.OrderInformationMapper">
  <resultMap id="BaseResultMap" type="com.ttorder.crud.bean.OrderInformation">
    <id column="order_id" jdbcType="INTEGER" property="orderId" />
    <result column="order_no" jdbcType="VARCHAR" property="orderNo" />
    <result column="order_class" jdbcType="VARCHAR" property="orderClass" />
    <result column="order_date" jdbcType="TIMESTAMP" property="orderDate" />
    <result column="rd" jdbcType="VARCHAR" property="rd" />
    <result column="cd" jdbcType="VARCHAR" property="cd" />
    <result column="car_no" jdbcType="VARCHAR" property="carNo" />
    <result column="charger_id" jdbcType="VARCHAR" property="chargerId" />
    <result column="brand" jdbcType="VARCHAR" property="brand" />
    <result column="car_type" jdbcType="VARCHAR" property="carType" />
    <result column="distributor_name" jdbcType="VARCHAR" property="distributorName" />
    <result column="distributor_contacts_name" jdbcType="VARCHAR" property="distributorContactsName" />
    <result column="owner_name" jdbcType="VARCHAR" property="ownerName" />
    <result column="owner_no" jdbcType="VARCHAR" property="ownerNo" />
    <result column="owner_gender" jdbcType="VARCHAR" property="ownerGender" />
    <result column="owner_contacts_name" jdbcType="VARCHAR" property="ownerContactsName" />
    <result column="owner_contacts_no" jdbcType="VARCHAR" property="ownerContactsNo" />
    <result column="owner_contacts_gender" jdbcType="VARCHAR" property="ownerContactsGender" />
    <result column="province" jdbcType="VARCHAR" property="province" />
    <result column="city" jdbcType="VARCHAR" property="city" />
    <result column="owner_ins_address" jdbcType="VARCHAR" property="ownerInsAddress" />
    <result column="free_name" jdbcType="VARCHAR" property="freeName" />
    <result column="customer_service_name" jdbcType="VARCHAR" property="customerServiceName" />
    <result column="service_remarks" jdbcType="VARCHAR" property="serviceRemarks" />
    <result column="date_upload" jdbcType="TIMESTAMP" property="dateUpload" />
    <result column="request_status" jdbcType="VARCHAR" property="requestStatus" />
    <result column="invoice_status" jdbcType="VARCHAR" property="invoiceStatus" />
    <result column="order_status" jdbcType="INTEGER" property="orderStatus" />
    <result column="installer" jdbcType="VARCHAR" property="installer" />
    <result column="surveyor" jdbcType="VARCHAR" property="surveyor" />
    <result column="revisitors" jdbcType="VARCHAR" property="revisitors" />
  </resultMap>
  <sql id="Base_Column_List">
    order_id, order_no, order_class,order_date, rd, cd, car_no, charger_id, brand, car_type, 
    distributor_name, distributor_contacts_name, owner_name, owner_no, owner_gender, 
    owner_contacts_name, owner_contacts_no, owner_contacts_gender, province, city, owner_ins_address, 
    free_name, customer_service_name, service_remarks, date_upload, request_status, invoice_status, 
    order_status, installer, surveyor, revisitors
  </sql>
  <select id="selectByPrimaryKey" parameterType="java.lang.Integer" resultMap="BaseResultMap">
    select 
    <include refid="Base_Column_List" />
    from ttorder
    where order_id = #{orderId,jdbcType=INTEGER}
  </select>
  <!-- 修改订单服务反馈 -->
   <update id="updateremarksToNew" >
   update ttorder
    set service_remarks = #{newremakes,jdbcType=INTEGER}
     where order_no = #{orderNo,jdbcType=VARCHAR}
   </update>
  <!-- 查询所有订单分页 -->
  <select id="selectAllOrderWithNull"  resultMap="BaseResultMap">
    select 
    <include refid="Base_Column_List" />
    from ttorder
  </select>
  <delete id="deleteByPrimaryKey" parameterType="java.lang.Integer">
    delete from ttorder
    where order_id = #{orderNo,jdbcType=INTEGER}
  </delete>
  <!-- 通过订单号修改状态码控制流程 -->
  <update id="updateOrderStatsByOrderNo" >
   update ttorder
    set order_status = #{orderStatus,jdbcType=INTEGER}
     where order_no = #{orderNo,jdbcType=VARCHAR}
   </update>
   <!-- 修改安装人员，根据订单号 -->
   <update id="updateInstaller" >
   update ttorder
    set installer = #{empId,jdbcType=INTEGER}
     where order_no = #{orderNo,jdbcType=VARCHAR}
   </update>
<!-- 通过状态码查询所有未结束订单 -->
  <select id="selectByOrderStatus" parameterType="java.lang.Integer" resultMap="BaseResultMap">
    select 
    <include refid="Base_Column_List" />
    from ttorder
    where order_status = #{orderStatus,jdbcType=INTEGER}
  </select>
  <!-- 根据订单号查询订单相关基础 -->
   <select id="selectByorderNo" parameterType="java.lang.String" resultMap="BaseResultMap">
    select 
    <include refid="Base_Column_List" />
    from ttorder
    where order_no = #{orderNo,jdbcType=VARCHAR}
  </select>
  <!-- 待办事项查询 -->
    <select id="selectByemp" resultMap="BaseResultMap">
    select 
    <include refid="Base_Column_List" />
    from ttorder
    where 1 = 1 and
      	<if test="department == 3">
       	 	installer = #{empId,jdbcType=INTEGER}
      	</if>
      	<if test="department == 2">
       	 	surveyor = #{empId,jdbcType=INTEGER}
      	</if>
      	<if test="department == 1">
       	 	customer_service_name = #{empId,jdbcType=INTEGER}
      	</if> 
    and 
    	<if test="department == 1">
    	order_status = 1 or 2 or 3 or 4 or 5 or 6
    	</if>
    	<if test="department == 2">
    	order_status = 2 
    	</if>
    	<if test="department == 3">
    	order_status = 4 
    	</if>
  </select>  
  <!-- 订单模糊查询 -->
  <select id="selectOrderWithLike" resultMap="BaseResultMap">
  	  select <include refid="Base_Column_List"/> from ttorder
  	  <where>
  	   <if test="str == 'orderNo'">
                order_no like "%"#{value,jdbcType=VARCHAR}"%"
       </if>
       <if test="str =='customerServiceName'">
               and customer_service_name like "%"#{value,jdbcType=VARCHAR}"%"
       </if>
       <if test="str =='carNo'">
                and  car_no like "%"#{value,jdbcType=VARCHAR}"%"
       </if>
       <if test="str =='brand' ">
                and  brand like "%"#{value,jdbcType=VARCHAR}"%"
       </if>
       <if test="str == 'chargerId' ">
                and  charger_id like "%"#{value,jdbcType=VARCHAR}"%"
       </if>
       <if test="str == 'distributorContactsName' ">
                and  distributor_contacts_name like "%"#{value,jdbcType=VARCHAR}"%"
       </if>
       <if test="str == 'ownerName' ">
                and  owner_name like "%"#{value,jdbcType=VARCHAR}"%"
       </if>
       <if test="str == 'ownerNo'">
                and  owner_no like "%"#{value,jdbcType=VARCHAR}"%"
       </if>
       and 1=1
  	  </where>
  
  
  
  
  </select>
  
  
  <insert id="insert" parameterType="com.ttorder.crud.bean.OrderInformation">
    insert into ttorder (order_id, order_no, order_class, 
      order_date, rd, cd, 
      car_no, charger_id, brand, 
      car_type, distributor_name, distributor_contacts_name, 
      owner_name, owner_no, owner_gender, 
      owner_contacts_name, owner_contacts_no, owner_contacts_gender, 
      province, city, owner_ins_address, 
      free_name, customer_service_name, service_remarks, 
      date_upload, request_status, invoice_status, 
      order_status, installer, surveyor, 
      revisitors)
    values (#{orderId,jdbcType=INTEGER}, #{orderNo,jdbcType=VARCHAR}, #{orderClass,jdbcType=VARCHAR}, 
      #{orderDate,jdbcType=TIMESTAMP}, #{rd,jdbcType=VARCHAR}, #{cd,jdbcType=VARCHAR}, 
      #{carNo,jdbcType=VARCHAR}, #{chargerId,jdbcType=VARCHAR}, #{brand,jdbcType=VARCHAR}, 
      #{carType,jdbcType=VARCHAR}, #{distributorName,jdbcType=VARCHAR}, #{distributorContactsName,jdbcType=VARCHAR}, 
      #{ownerName,jdbcType=VARCHAR}, #{ownerNo,jdbcType=VARCHAR}, #{ownerGender,jdbcType=VARCHAR}, 
      #{ownerContactsName,jdbcType=VARCHAR}, #{ownerContactsNo,jdbcType=VARCHAR}, #{ownerContactsGender,jdbcType=VARCHAR}, 
      #{province,jdbcType=VARCHAR}, #{city,jdbcType=VARCHAR}, #{ownerInsAddress,jdbcType=VARCHAR}, 
      #{freeName,jdbcType=VARCHAR}, #{customerServiceName,jdbcType=VARCHAR}, #{serviceRemarks,jdbcType=VARCHAR}, 
      #{dateUpload,jdbcType=TIMESTAMP}, #{requestStatus,jdbcType=VARCHAR}, #{invoiceStatus,jdbcType=VARCHAR}, 
      #{orderStatus,jdbcType=INTEGER}, #{installer,jdbcType=VARCHAR}, #{surveyor,jdbcType=VARCHAR}, 
      #{revisitors,jdbcType=VARCHAR})
  </insert>
  <insert id="insertSelective" parameterType="com.ttorder.crud.bean.OrderInformation">
    insert into ttorder
    <trim prefix="(" suffix=")" suffixOverrides=",">
      <if test="orderId != null">
        order_id,
      </if>
      <if test="orderNo != null">
        order_no,
      </if>
      <if test="orderClass != null">
        order_class,
      </if>
      <if test="orderDate != null">
        order_date,
      </if>
      <if test="rd != null">
        rd,
      </if>
      <if test="cd != null">
        cd,
      </if>
      <if test="carNo != null">
        car_no,
      </if>
      <if test="chargerId != null">
        charger_id,
      </if>
      <if test="brand != null">
        brand,
      </if>
      <if test="carType != null">
        car_type,
      </if>
      <if test="distributorName != null">
        distributor_name,
      </if>
      <if test="distributorContactsName != null">
        distributor_contacts_name,
      </if>
      <if test="ownerName != null">
        owner_name,
      </if>
      <if test="ownerNo != null">
        owner_no,
      </if>
      <if test="ownerGender != null">
        owner_gender,
      </if>
      <if test="ownerContactsName != null">
        owner_contacts_name,
      </if>
      <if test="ownerContactsNo != null">
        owner_contacts_no,
      </if>
      <if test="ownerContactsGender != null">
        owner_contacts_gender,
      </if>
      <if test="province != null">
        province,
      </if>
      <if test="city != null">
        city,
      </if>
      <if test="ownerInsAddress != null">
        owner_ins_address,
      </if>
      <if test="freeName != null">
        free_name,
      </if>
      <if test="customerServiceName != null">
        customer_service_name,
      </if>
      <if test="serviceRemarks != null">
        service_remarks,
      </if>
      <if test="dateUpload != null">
        date_upload,
      </if>
      <if test="requestStatus != null">
        request_status,
      </if>
      <if test="invoiceStatus != null">
        invoice_status,
      </if>
      <if test="orderStatus != null">
        order_status,
      </if>
      <if test="installer != null">
        installer,
      </if>
      <if test="surveyor != null">
        surveyor,
      </if>
      <if test="revisitors != null">
        revisitors,
      </if>
    </trim>
    <trim prefix="values (" suffix=")" suffixOverrides=",">
      <if test="orderId != null">
        #{orderId,jdbcType=INTEGER},
      </if>
      <if test="orderNo != null">
        #{orderNo,jdbcType=VARCHAR},
      </if>
      <if test="orderClass != null">
        #{orderClass,jdbcType=VARCHAR},
      </if>
      <if test="orderDate != null">
        #{orderDate,jdbcType=TIMESTAMP},
      </if>
      <if test="rd != null">
        #{rd,jdbcType=VARCHAR},
      </if>
      <if test="cd != null">
        #{cd,jdbcType=VARCHAR},
      </if>
      <if test="carNo != null">
        #{carNo,jdbcType=VARCHAR},
      </if>
      <if test="chargerId != null">
        #{chargerId,jdbcType=VARCHAR},
      </if>
      <if test="brand != null">
        #{brand,jdbcType=VARCHAR},
      </if>
      <if test="carType != null">
        #{carType,jdbcType=VARCHAR},
      </if>
      <if test="distributorName != null">
        #{distributorName,jdbcType=VARCHAR},
      </if>
      <if test="distributorContactsName != null">
        #{distributorContactsName,jdbcType=VARCHAR},
      </if>
      <if test="ownerName != null">
        #{ownerName,jdbcType=VARCHAR},
      </if>
      <if test="ownerNo != null">
        #{ownerNo,jdbcType=VARCHAR},
      </if>
      <if test="ownerGender != null">
        #{ownerGender,jdbcType=VARCHAR},
      </if>
      <if test="ownerContactsName != null">
        #{ownerContactsName,jdbcType=VARCHAR},
      </if>
      <if test="ownerContactsNo != null">
        #{ownerContactsNo,jdbcType=VARCHAR},
      </if>
      <if test="ownerContactsGender != null">
        #{ownerContactsGender,jdbcType=VARCHAR},
      </if>
      <if test="province != null">
        #{province,jdbcType=VARCHAR},
      </if>
      <if test="city != null">
        #{city,jdbcType=VARCHAR},
      </if>
      <if test="ownerInsAddress != null">
        #{ownerInsAddress,jdbcType=VARCHAR},
      </if>
      <if test="freeName != null">
        #{freeName,jdbcType=VARCHAR},
      </if>
      <if test="customerServiceName != null">
        #{customerServiceName,jdbcType=VARCHAR},
      </if>
      <if test="serviceRemarks != null">
        #{serviceRemarks,jdbcType=VARCHAR},
      </if>
      <if test="dateUpload != null">
        #{dateUpload,jdbcType=TIMESTAMP},
      </if>
      <if test="requestStatus != null">
        #{requestStatus,jdbcType=VARCHAR},
      </if>
      <if test="invoiceStatus != null">
        #{invoiceStatus,jdbcType=VARCHAR},
      </if>
      <if test="orderStatus != null">
        #{orderStatus,jdbcType=INTEGER},
      </if>
      <if test="installer != null">
        #{installer,jdbcType=VARCHAR},
      </if>
      <if test="surveyor != null">
        #{surveyor,jdbcType=VARCHAR},
      </if>
      <if test="revisitors != null">
        #{revisitors,jdbcType=VARCHAR},
      </if>
    </trim>
  </insert>
  <update id="updateByPrimaryKeySelective" parameterType="com.ttorder.crud.bean.OrderInformation">
    update ttorder
    <set>
      <if test="orderNo != null">
        order_no = #{orderNo,jdbcType=VARCHAR},
      </if>
      <if test="orderClass != null">
        order_class = #{orderClass,jdbcType=VARCHAR},
      </if>
      <if test="orderDate != null">
        order_date = #{orderDate,jdbcType=TIMESTAMP},
      </if>
      <if test="rd != null">
        rd = #{rd,jdbcType=VARCHAR},
      </if>
      <if test="cd != null">
        cd = #{cd,jdbcType=VARCHAR},
      </if>
      <if test="carNo != null">
        car_no = #{carNo,jdbcType=VARCHAR},
      </if>
      <if test="chargerId != null">
        charger_id = #{chargerId,jdbcType=VARCHAR},
      </if>
      <if test="brand != null">
        brand = #{brand,jdbcType=VARCHAR},
      </if>
      <if test="carType != null">
        car_type = #{carType,jdbcType=VARCHAR},
      </if>
      <if test="distributorName != null">
        distributor_name = #{distributorName,jdbcType=VARCHAR},
      </if>
      <if test="distributorContactsName != null">
        distributor_contacts_name = #{distributorContactsName,jdbcType=VARCHAR},
      </if>
      <if test="ownerName != null">
        owner_name = #{ownerName,jdbcType=VARCHAR},
      </if>
      <if test="ownerNo != null">
        owner_no = #{ownerNo,jdbcType=VARCHAR},
      </if>
      <if test="ownerGender != null">
        owner_gender = #{ownerGender,jdbcType=VARCHAR},
      </if>
      <if test="ownerContactsName != null">
        owner_contacts_name = #{ownerContactsName,jdbcType=VARCHAR},
      </if>
      <if test="ownerContactsNo != null">
        owner_contacts_no = #{ownerContactsNo,jdbcType=VARCHAR},
      </if>
      <if test="ownerContactsGender != null">
        owner_contacts_gender = #{ownerContactsGender,jdbcType=VARCHAR},
      </if>
      <if test="province != null">
        province = #{province,jdbcType=VARCHAR},
      </if>
      <if test="city != null">
        city = #{city,jdbcType=VARCHAR},
      </if>
      <if test="ownerInsAddress != null">
        owner_ins_address = #{ownerInsAddress,jdbcType=VARCHAR},
      </if>
      <if test="freeName != null">
        free_name = #{freeName,jdbcType=VARCHAR},
      </if>
      <if test="customerServiceName != null">
        customer_service_name = #{customerServiceName,jdbcType=VARCHAR},
      </if>
      <if test="serviceRemarks != null">
        service_remarks = #{serviceRemarks,jdbcType=VARCHAR},
      </if>
      <if test="dateUpload != null">
        date_upload = #{dateUpload,jdbcType=TIMESTAMP},
      </if>
      <if test="requestStatus != null">
        request_status = #{requestStatus,jdbcType=VARCHAR},
      </if>
      <if test="invoiceStatus != null">
        invoice_status = #{invoiceStatus,jdbcType=VARCHAR},
      </if>
      <if test="orderStatus != null">
        order_status = #{orderStatus,jdbcType=INTEGER},
      </if>
      <if test="installer != null">
        installer = #{installer,jdbcType=VARCHAR},
      </if>
      <if test="surveyor != null">
        surveyor = #{surveyor,jdbcType=VARCHAR},
      </if>
      <if test="revisitors != null">
        revisitors = #{revisitors,jdbcType=VARCHAR},
      </if>
    </set>
    where order_id = #{orderId,jdbcType=INTEGER}
  </update>
  <update id="updateByPrimaryKey" parameterType="com.ttorder.crud.bean.OrderInformation">
    update ttorder
    set order_no = #{orderNo,jdbcType=VARCHAR},
      order_class = #{orderClass,jdbcType=VARCHAR},
      order_date = #{orderDate,jdbcType=TIMESTAMP},
      rd = #{rd,jdbcType=VARCHAR},
      cd = #{cd,jdbcType=VARCHAR},
      car_no = #{carNo,jdbcType=VARCHAR},
      charger_id = #{chargerId,jdbcType=VARCHAR},
      brand = #{brand,jdbcType=VARCHAR},
      car_type = #{carType,jdbcType=VARCHAR},
      distributor_name = #{distributorName,jdbcType=VARCHAR},
      distributor_contacts_name = #{distributorContactsName,jdbcType=VARCHAR},
      owner_name = #{ownerName,jdbcType=VARCHAR},
      owner_no = #{ownerNo,jdbcType=VARCHAR},
      owner_gender = #{ownerGender,jdbcType=VARCHAR},
      owner_contacts_name = #{ownerContactsName,jdbcType=VARCHAR},
      owner_contacts_no = #{ownerContactsNo,jdbcType=VARCHAR},
      owner_contacts_gender = #{ownerContactsGender,jdbcType=VARCHAR},
      province = #{province,jdbcType=VARCHAR},
      city = #{city,jdbcType=VARCHAR},
      owner_ins_address = #{ownerInsAddress,jdbcType=VARCHAR},
      free_name = #{freeName,jdbcType=VARCHAR},
      customer_service_name = #{customerServiceName,jdbcType=VARCHAR},
      service_remarks = #{serviceRemarks,jdbcType=VARCHAR},
      date_upload = #{dateUpload,jdbcType=TIMESTAMP},
      request_status = #{requestStatus,jdbcType=VARCHAR},
      invoice_status = #{invoiceStatus,jdbcType=VARCHAR},
      order_status = #{orderStatus,jdbcType=INTEGER},
      installer = #{installer,jdbcType=VARCHAR},
      surveyor = #{surveyor,jdbcType=VARCHAR},
      revisitors = #{revisitors,jdbcType=VARCHAR}
    where order_id = #{orderId,jdbcType=INTEGER}
  </update>
</mapper>