<?xml version="1.0" encoding="UTF-8"?>
<!DOCTYPE mapper PUBLIC "-//mybatis.org//DTD Mapper 3.0//EN" "http://mybatis.org/dtd/mybatis-3-mapper.dtd">
<mapper namespace="com.ttorder.crud.dao.QuotationInformationMapper">
  <resultMap id="BaseResultMap" type="com.ttorder.crud.bean.QuotationInformation">
    <id column="quotation_sheet_id" jdbcType="INTEGER" property="quotationSheetId" />
    <result column="quotation_class" jdbcType="VARCHAR" property="quotationClass" />
    <result column="material_science_id" jdbcType="VARCHAR" property="materialScienceId" />
    <result column="service_brand" jdbcType="VARCHAR" property="serviceBrand" />
    <result column="supplier_id" jdbcType="INTEGER" property="supplierId" />
    <result column="quoted_version" jdbcType="VARCHAR" property="quotedVersion" />
    <result column="unit_price" jdbcType="VARCHAR" property="unitPrice" />
  </resultMap>
  <sql id="Base_Column_List">
    quotation_sheet_id, quotation_class, material_science_id, service_brand, supplier_id, 
    quoted_version, unit_price
  </sql>
  <select id="selectByPrimaryKey" parameterType="java.lang.Integer" resultMap="BaseResultMap">
    select 
    <include refid="Base_Column_List" />
    from quotation_sheet
    where quotation_sheet_id = #{quotationSheetId,jdbcType=INTEGER}
  </select>

  <select id="selectAllBymtId" parameterType="java.lang.String" resultMap="BaseResultMap">
    select
    <include refid="Base_Column_List" />
    from quotation_sheet
    where material_science_id = #{materialScienceId,jdbcType=VARCHAR}
  </select>

  <delete id="deleteByPrimaryKey" parameterType="java.lang.Integer">
    delete from quotation_sheet
    where quotation_sheet_id = #{quotationSheetId,jdbcType=INTEGER}
  </delete>
  <insert id="insert" parameterType="com.ttorder.crud.bean.QuotationInformation">
    insert into quotation_sheet (quotation_sheet_id, quotation_class, 
      material_science_id, service_brand, supplier_id, 
      quoted_version, unit_price)
    values (#{quotationSheetId,jdbcType=INTEGER}, #{quotationClass,jdbcType=VARCHAR}, 
      #{materialScienceId,jdbcType=VARCHAR}, #{serviceBrand,jdbcType=VARCHAR}, #{supplierId,jdbcType=INTEGER}, 
      #{quotedVersion,jdbcType=VARCHAR}, #{unitPrice,jdbcType=VARCHAR})
  </insert>
  <insert id="insertSelective" parameterType="com.ttorder.crud.bean.QuotationInformation">
    insert into quotation_sheet
    <trim prefix="(" suffix=")" suffixOverrides=",">
      <if test="quotationSheetId != null">
        quotation_sheet_id,
      </if>
      <if test="quotationClass != null">
        quotation_class,
      </if>
      <if test="materialScienceId != null">
        material_science_id,
      </if>
      <if test="serviceBrand != null">
        service_brand,
      </if>
      <if test="supplierId != null">
        supplier_id,
      </if>
      <if test="quotedVersion != null">
        quoted_version,
      </if>
      <if test="unitPrice != null">
        unit_price,
      </if>
    </trim>
    <trim prefix="values (" suffix=")" suffixOverrides=",">
      <if test="quotationSheetId != null">
        #{quotationSheetId,jdbcType=INTEGER},
      </if>
      <if test="quotationClass != null">
        #{quotationClass,jdbcType=VARCHAR},
      </if>
      <if test="materialScienceId != null">
        #{materialScienceId,jdbcType=VARCHAR},
      </if>
      <if test="serviceBrand != null">
        #{serviceBrand,jdbcType=VARCHAR},
      </if>
      <if test="supplierId != null">
        #{supplierId,jdbcType=INTEGER},
      </if>
      <if test="quotedVersion != null">
        #{quotedVersion,jdbcType=VARCHAR},
      </if>
      <if test="unitPrice != null">
        #{unitPrice,jdbcType=VARCHAR},
      </if>
    </trim>
  </insert>
  <update id="updateByPrimaryKeySelective" parameterType="com.ttorder.crud.bean.QuotationInformation">
    update quotation_sheet
    <set>
      <if test="quotationClass != null">
        quotation_class = #{quotationClass,jdbcType=VARCHAR},
      </if>
      <if test="materialScienceId != null">
        material_science_id = #{materialScienceId,jdbcType=VARCHAR},
      </if>
      <if test="serviceBrand != null">
        service_brand = #{serviceBrand,jdbcType=VARCHAR},
      </if>
      <if test="supplierId != null">
        supplier_id = #{supplierId,jdbcType=INTEGER},
      </if>
      <if test="quotedVersion != null">
        quoted_version = #{quotedVersion,jdbcType=VARCHAR},
      </if>
      <if test="unitPrice != null">
        unit_price = #{unitPrice,jdbcType=VARCHAR},
      </if>
    </set>
    where quotation_sheet_id = #{quotationSheetId,jdbcType=INTEGER}
  </update>
  <update id="updateByPrimaryKey" parameterType="com.ttorder.crud.bean.QuotationInformation">
    update quotation_sheet
    set quotation_class = #{quotationClass,jdbcType=VARCHAR},
      material_science_id = #{materialScienceId,jdbcType=VARCHAR},
      service_brand = #{serviceBrand,jdbcType=VARCHAR},
      supplier_id = #{supplierId,jdbcType=INTEGER},
      quoted_version = #{quotedVersion,jdbcType=VARCHAR},
      unit_price = #{unitPrice,jdbcType=VARCHAR}
    where quotation_sheet_id = #{quotationSheetId,jdbcType=INTEGER}
  </update>
</mapper>