<?xml version="1.0" encoding="UTF-8"?>
<!DOCTYPE mapper PUBLIC "-//mybatis.org//DTD Mapper 3.0//EN" "http://mybatis.org/dtd/mybatis-3-mapper.dtd">
<mapper namespace="com.ttorder.crud.dao.ReturnsurFaceInformationMapper">
  <resultMap id="BaseResultMap" type="com.ttorder.crud.bean.ReturnsurFaceInformation">
    <id column="return_id" jdbcType="INTEGER" property="returnId" />
    <result column="return_date" jdbcType="DATE" property="returnDate" />
    <result column="visitors" jdbcType="VARCHAR" property="visitors" />
    <result column="visitors_no" jdbcType="VARCHAR" property="visitorsNo" />
    <result column="customer_lv" jdbcType="VARCHAR" property="customerLv" />
    <result column="customer_feedback" jdbcType="VARCHAR" property="customerFeedback" />
    <result column="order_no" jdbcType="VARCHAR" property="orderNo" />
  </resultMap>
  <sql id="Base_Column_List">
    return_id, return_date, visitors, visitors_no, customer_lv, customer_feedback, order_no
  </sql>
  <select id="selectByPrimaryKey" parameterType="java.lang.Integer" resultMap="BaseResultMap">
    select 
    <include refid="Base_Column_List" />
    from returnsurface
    where return_id = #{returnId,jdbcType=INTEGER}
  </select>
  
  
  
    <select id="selectByOrderNo" parameterType="java.lang.String" resultMap="BaseResultMap">
    select 
    <include refid="Base_Column_List" />
    from returnsurface
    where order_no = #{orderNo,jdbcType=VARCHAR}
  </select>
  
  
  
    <delete id="deleteByPrimaryKey" parameterType="java.lang.Integer">
    delete from returnsurface
    where return_id = #{returnId,jdbcType=INTEGER}
  </delete>
  <insert id="insert" parameterType="com.ttorder.crud.bean.ReturnsurFaceInformation">
    insert into returnsurface (return_id, return_date, visitors, 
      visitors_no, customer_lv, customer_feedback, 
      order_no)
    values (#{returnId,jdbcType=INTEGER}, #{returnDate,jdbcType=DATE}, #{visitors,jdbcType=VARCHAR}, 
      #{visitorsNo,jdbcType=VARCHAR}, #{customerLv,jdbcType=VARCHAR}, #{customerFeedback,jdbcType=VARCHAR}, 
      #{orderNo,jdbcType=VARCHAR})
  </insert>
  <insert id="insertSelective" parameterType="com.ttorder.crud.bean.ReturnsurFaceInformation">
    insert into returnsurface
    <trim prefix="(" suffix=")" suffixOverrides=",">
      <if test="returnId != null">
        return_id,
      </if>
      <if test="returnDate != null">
        return_date,
      </if>
      <if test="visitors != null">
        visitors,
      </if>
      <if test="visitorsNo != null">
        visitors_no,
      </if>
      <if test="customerLv != null">
        customer_lv,
      </if>
      <if test="customerFeedback != null">
        customer_feedback,
      </if>
      <if test="orderNo != null">
        order_no,
      </if>
    </trim>
    <trim prefix="values (" suffix=")" suffixOverrides=",">
      <if test="returnId != null">
        #{returnId,jdbcType=INTEGER},
      </if>
      <if test="returnDate != null">
        #{returnDate,jdbcType=DATE},
      </if>
      <if test="visitors != null">
        #{visitors,jdbcType=VARCHAR},
      </if>
      <if test="visitorsNo != null">
        #{visitorsNo,jdbcType=VARCHAR},
      </if>
      <if test="customerLv != null">
        #{customerLv,jdbcType=VARCHAR},
      </if>
      <if test="customerFeedback != null">
        #{customerFeedback,jdbcType=VARCHAR},
      </if>
      <if test="orderNo != null">
        #{orderNo,jdbcType=VARCHAR},
      </if>
    </trim>
  </insert>
  <update id="updateByPrimaryKeySelective" parameterType="com.ttorder.crud.bean.ReturnsurFaceInformation">
    update returnsurface
    <set>
      <if test="returnDate != null">
        return_date = #{returnDate,jdbcType=DATE},
      </if>
      <if test="visitors != null">
        visitors = #{visitors,jdbcType=VARCHAR},
      </if>
      <if test="visitorsNo != null">
        visitors_no = #{visitorsNo,jdbcType=VARCHAR},
      </if>
      <if test="customerLv != null">
        customer_lv = #{customerLv,jdbcType=VARCHAR},
      </if>
      <if test="customerFeedback != null">
        customer_feedback = #{customerFeedback,jdbcType=VARCHAR},
      </if>
      <if test="orderNo != null">
        order_no = #{orderNo,jdbcType=VARCHAR},
      </if>
    </set>
    where return_id = #{returnId,jdbcType=INTEGER}
  </update>
  <update id="updateByPrimaryKey" parameterType="com.ttorder.crud.bean.ReturnsurFaceInformation">
    update returnsurface
    set return_date = #{returnDate,jdbcType=DATE},
      visitors = #{visitors,jdbcType=VARCHAR},
      visitors_no = #{visitorsNo,jdbcType=VARCHAR},
      customer_lv = #{customerLv,jdbcType=VARCHAR},
      customer_feedback = #{customerFeedback,jdbcType=VARCHAR},
      order_no = #{orderNo,jdbcType=VARCHAR}
    where return_id = #{returnId,jdbcType=INTEGER}
  </update>
</mapper>