<?xml version="1.0" encoding="UTF-8"?>
<!DOCTYPE mapper PUBLIC "-//mybatis.org//DTD Mapper 3.0//EN" "http://mybatis.org/dtd/mybatis-3-mapper.dtd">
<mapper namespace="com.ttorder.crud.dao.SupplierInformationMapper">
  <resultMap id="BaseResultMap" type="com.ttorder.crud.bean.SupplierInformation">
    <id column="supplier_id" jdbcType="INTEGER" property="supplierId" />
    <result column="business_class" jdbcType="VARCHAR" property="businessClass" />
    <result column="business_full_name" jdbcType="VARCHAR" property="businessFullName" />
    <result column="business_short_name" jdbcType="VARCHAR" property="businessShortName" />
    <result column="business_code" jdbcType="VARCHAR" property="businessCode" />
    <result column="business_no" jdbcType="VARCHAR" property="businessNo" />
    <result column="business_adress" jdbcType="VARCHAR" property="businessAdress" />
    <result column="business_open_bank" jdbcType="VARCHAR" property="businessOpenBank" />
    <result column="bank_account" jdbcType="VARCHAR" property="bankAccount" />
    <result column="tax_code" jdbcType="VARCHAR" property="taxCode" />
  </resultMap>
  <sql id="Base_Column_List">
    supplier_id, business_class, business_full_name, business_short_name, business_code, 
    business_no, business_adress, business_open_bank, bank_account, tax_code
  </sql>
  <select id="selectByPrimaryKey" parameterType="java.lang.Integer" resultMap="BaseResultMap">
    select 
    <include refid="Base_Column_List" />
    from supplier_files
    where supplier_id = #{supplierId,jdbcType=INTEGER}
  </select>
  <!-- 根据公司id查询公司名称 -->
   <select id="selectNameById" parameterType="java.lang.Integer" resultType="java.lang.String">
    select business_full_name
    from supplier_files
    where supplier_id = #{supId,jdbcType=INTEGER}
  </select>
  
  <!-- 根据类别搜索经销商 -->
   <select id="searchDisByClass" parameterType="java.lang.String" resultMap="BaseResultMap">
    select 
    <include refid="Base_Column_List" />
    from supplier_files
     where business_class = #{businessClass,jdbcType=VARCHAR}
  </select>
  <!-- 根据经销商全称模糊搜索经销商信息集合 -->
  <select id="selectAllSup" resultMap="BaseResultMap">
    select 
    <include refid="Base_Column_List" />
    from supplier_files
  </select>
  <delete id="deleteByPrimaryKey" parameterType="java.lang.Integer">
    delete from supplier_files
    where supplier_id = #{supplierId,jdbcType=VARCHAR}
  </delete>
  <insert id="insert" parameterType="com.ttorder.crud.bean.SupplierInformation">
    insert into supplier_files (supplier_id, business_class, business_full_name, 
      business_short_name, business_code, business_no, 
      business_adress, business_open_bank, bank_account, 
      tax_code)
    values (#{supplierId,jdbcType=VARCHAR}, #{businessClass,jdbcType=VARCHAR}, #{businessFullName,jdbcType=VARCHAR}, 
      #{businessShortName,jdbcType=VARCHAR}, #{businessCode,jdbcType=VARCHAR}, #{businessNo,jdbcType=VARCHAR}, 
      #{businessAdress,jdbcType=VARCHAR}, #{businessOpenBank,jdbcType=VARCHAR}, #{bankAccount,jdbcType=VARCHAR}, 
      #{taxCode,jdbcType=VARCHAR})
  </insert>
  <insert id="insertSelective" parameterType="com.ttorder.crud.bean.SupplierInformation">
    insert into supplier_files
    <trim prefix="(" suffix=")" suffixOverrides=",">
      <if test="supplierId != null">
        supplier_id,
      </if>
      <if test="businessClass != null">
        business_class,
      </if>
      <if test="businessFullName != null">
        business_full_name,
      </if>
      <if test="businessShortName != null">
        business_short_name,
      </if>
      <if test="businessCode != null">
        business_code,
      </if>
      <if test="businessNo != null">
        business_no,
      </if>
      <if test="businessAdress != null">
        business_adress,
      </if>
      <if test="businessOpenBank != null">
        business_open_bank,
      </if>
      <if test="bankAccount != null">
        bank_account,
      </if>
      <if test="taxCode != null">
        tax_code,
      </if>
    </trim>
    <trim prefix="values (" suffix=")" suffixOverrides=",">
      <if test="supplierId != null">
        #{supplierId,jdbcType=VARCHAR},
      </if>
      <if test="businessClass != null">
        #{businessClass,jdbcType=VARCHAR},
      </if>
      <if test="businessFullName != null">
        #{businessFullName,jdbcType=VARCHAR},
      </if>
      <if test="businessShortName != null">
        #{businessShortName,jdbcType=VARCHAR},
      </if>
      <if test="businessCode != null">
        #{businessCode,jdbcType=VARCHAR},
      </if>
      <if test="businessNo != null">
        #{businessNo,jdbcType=VARCHAR},
      </if>
      <if test="businessAdress != null">
        #{businessAdress,jdbcType=VARCHAR},
      </if>
      <if test="businessOpenBank != null">
        #{businessOpenBank,jdbcType=VARCHAR},
      </if>
      <if test="bankAccount != null">
        #{bankAccount,jdbcType=VARCHAR},
      </if>
      <if test="taxCode != null">
        #{taxCode,jdbcType=VARCHAR},
      </if>
    </trim>
  </insert>
  <update id="updateByPrimaryKeySelective" parameterType="com.ttorder.crud.bean.SupplierInformation">
    update supplier_files
    <set>
      <if test="businessClass != null">
        business_class = #{businessClass,jdbcType=VARCHAR},
      </if>
      <if test="businessFullName != null">
        business_full_name = #{businessFullName,jdbcType=VARCHAR},
      </if>
      <if test="businessShortName != null">
        business_short_name = #{businessShortName,jdbcType=VARCHAR},
      </if>
      <if test="businessCode != null">
        business_code = #{businessCode,jdbcType=VARCHAR},
      </if>
      <if test="businessNo != null">
        business_no = #{businessNo,jdbcType=VARCHAR},
      </if>
      <if test="businessAdress != null">
        business_adress = #{businessAdress,jdbcType=VARCHAR},
      </if>
      <if test="businessOpenBank != null">
        business_open_bank = #{businessOpenBank,jdbcType=VARCHAR},
      </if>
      <if test="bankAccount != null">
        bank_account = #{bankAccount,jdbcType=VARCHAR},
      </if>
      <if test="taxCode != null">
        tax_code = #{taxCode,jdbcType=VARCHAR},
      </if>
    </set>
    where supplier_id = #{supplierId,jdbcType=VARCHAR}
  </update>
  <update id="updateByPrimaryKey" parameterType="com.ttorder.crud.bean.SupplierInformation">
    update supplier_files
    set business_class = #{businessClass,jdbcType=VARCHAR},
      business_full_name = #{businessFullName,jdbcType=VARCHAR},
      business_short_name = #{businessShortName,jdbcType=VARCHAR},
      business_code = #{businessCode,jdbcType=VARCHAR},
      business_no = #{businessNo,jdbcType=VARCHAR},
      business_adress = #{businessAdress,jdbcType=VARCHAR},
      business_open_bank = #{businessOpenBank,jdbcType=VARCHAR},
      bank_account = #{bankAccount,jdbcType=VARCHAR},
      tax_code = #{taxCode,jdbcType=VARCHAR}
    where supplier_id = #{supplierId,jdbcType=VARCHAR}
  </update>
</mapper>